2025-12-15 01:11:39 [restartedMain] INFO  c.d.analysisms.AnalysismsApplication - Starting AnalysismsApplication using Java 21.0.9 with PID 268144 (C:\Users\pc\Developer\Duoc\Fullstack_3\analysis-ms\analysisms\target\classes started by pc in C:\Users\pc\Developer\Duoc\Fullstack_3\analysis-ms\analysisms)
2025-12-15 01:11:39 [restartedMain] DEBUG c.d.analysisms.AnalysismsApplication - Running with Spring Boot v3.5.7, Spring v6.2.12
2025-12-15 01:11:39 [restartedMain] INFO  c.d.analysisms.AnalysismsApplication - No active profile set, falling back to 1 default profile: "default"
2025-12-15 01:11:39 [restartedMain] INFO  o.s.b.d.restart.ChangeableUrls - The Class-Path manifest attribute in C:\Users\pc\.m2\repository\com\oracle\database\jdbc\ojdbc11\23.7.0.25.01\ojdbc11-23.7.0.25.01.jar referenced one or more files that do not exist: file:/C:/Users/pc/.m2/repository/com/oracle/database/jdbc/ojdbc11/23.7.0.25.01/oraclepki.jar
2025-12-15 01:11:39 [restartedMain] INFO  o.s.b.d.restart.ChangeableUrls - The Class-Path manifest attribute in C:\Users\pc\.m2\repository\com\oracle\database\security\oraclepki\21.5.0.0\oraclepki-21.5.0.0.jar referenced one or more files that do not exist: file:/C:/Users/pc/.m2/repository/com/oracle/database/security/oraclepki/21.5.0.0/osdt_core.jar,file:/C:/Users/pc/.m2/repository/com/oracle/database/security/oraclepki/21.5.0.0/osdt_cert.jar,file:/C:/Users/pc/.m2/repository/com/oracle/database/security/oraclepki/oracle.osdt/osdt_core.jar,file:/C:/Users/pc/.m2/repository/com/oracle/database/security/oraclepki/oracle.osdt/osdt_cert.jar
2025-12-15 01:11:39 [restartedMain] INFO  o.s.b.d.e.DevToolsPropertyDefaultsPostProcessor - Devtools property defaults active! Set 'spring.devtools.add-properties' to 'false' to disable
2025-12-15 01:11:39 [restartedMain] INFO  o.s.b.d.e.DevToolsPropertyDefaultsPostProcessor - For additional web related logging consider setting the 'logging.level.web' property to 'DEBUG'
2025-12-15 01:11:39 [restartedMain] INFO  o.s.d.r.c.RepositoryConfigurationDelegate - Bootstrapping Spring Data JPA repositories in DEFAULT mode.
2025-12-15 01:11:39 [restartedMain] INFO  o.s.d.r.c.RepositoryConfigurationDelegate - Finished Spring Data repository scanning in 52 ms. Found 6 JPA repository interfaces.
2025-12-15 01:11:40 [restartedMain] INFO  o.s.b.w.e.tomcat.TomcatWebServer - Tomcat initialized with port 8080 (http)
2025-12-15 01:11:40 [restartedMain] INFO  o.a.catalina.core.StandardService - Starting service [Tomcat]
2025-12-15 01:11:40 [restartedMain] INFO  o.a.catalina.core.StandardEngine - Starting Servlet engine: [Apache Tomcat/10.1.48]
2025-12-15 01:11:40 [restartedMain] INFO  o.a.c.c.C.[Tomcat].[localhost].[/] - Initializing Spring embedded WebApplicationContext
2025-12-15 01:11:40 [restartedMain] INFO  o.s.b.w.s.c.ServletWebServerApplicationContext - Root WebApplicationContext: initialization completed in 1120 ms
2025-12-15 01:11:40 [restartedMain] INFO  o.h.jpa.internal.util.LogHelper - HHH000204: Processing PersistenceUnitInfo [name: default]
2025-12-15 01:11:40 [restartedMain] INFO  org.hibernate.Version - HHH000412: Hibernate ORM core version 6.6.33.Final
2025-12-15 01:11:40 [restartedMain] INFO  o.h.c.i.RegionFactoryInitiator - HHH000026: Second-level cache disabled
2025-12-15 01:11:40 [restartedMain] INFO  o.s.o.j.p.SpringPersistenceUnitInfo - No LoadTimeWeaver setup: ignoring JPA class transformer
2025-12-15 01:11:40 [restartedMain] INFO  com.zaxxer.hikari.HikariDataSource - HikariPool-1 - Starting...
2025-12-15 01:11:40 [restartedMain] WARN  c.z.hikari.util.DriverDataSource - Registered driver with driverClassName=oracle.jdbc.driver.OracleDriver was not found, trying direct instantiation.
2025-12-15 01:11:41 [restartedMain] INFO  com.zaxxer.hikari.pool.HikariPool - HikariPool-1 - Added connection oracle.jdbc.driver.T4CConnection@7c9566cd
2025-12-15 01:11:41 [restartedMain] INFO  com.zaxxer.hikari.HikariDataSource - HikariPool-1 - Start completed.
2025-12-15 01:11:41 [restartedMain] WARN  org.hibernate.orm.deprecation - HHH90000025: OracleDialect does not need to be specified explicitly using 'hibernate.dialect' (remove the property setting and it will be selected by default)
2025-12-15 01:11:41 [restartedMain] INFO  o.hibernate.orm.connections.pooling - HHH10001005: Database info:
	Database JDBC URL [Connecting through datasource 'HikariDataSource (HikariPool-1)']
	Database driver: undefined/unknown
	Database version: 19.29
	Autocommit mode: undefined/unknown
	Isolation level: undefined/unknown
	Minimum pool size: undefined/unknown
	Maximum pool size: undefined/unknown
2025-12-15 01:11:42 [restartedMain] INFO  o.h.e.t.j.p.i.JtaPlatformInitiator - HHH000489: No JTA platform available (set 'hibernate.transaction.jta.platform' to enable JTA platform integration)
2025-12-15 01:11:42 [restartedMain] INFO  o.s.o.j.LocalContainerEntityManagerFactoryBean - Initialized JPA EntityManagerFactory for persistence unit 'default'
2025-12-15 01:11:42 [restartedMain] WARN  o.s.b.w.s.c.AnnotationConfigServletWebServerApplicationContext - Exception encountered during context initialization - cancelling refresh attempt: org.springframework.beans.factory.UnsatisfiedDependencyException: Error creating bean with name 'analysisController': Unsatisfied dependency expressed through field 'analysisRequestService': Error creating bean with name 'analysisRequestServiceImpl' defined in file [C:\Users\pc\Developer\Duoc\Fullstack_3\analysis-ms\analysisms\target\classes\cl\duoc\analysisms\service\AnalysisRequestServiceImpl.class]: Unsatisfied dependency expressed through constructor parameter 0: Error creating bean with name 'analysisRequestRepository' defined in cl.duoc.analysisms.repository.AnalysisRequestRepository defined in @EnableJpaRepositories declared on JpaRepositoriesRegistrar.EnableJpaRepositoriesConfiguration: Could not create query for public abstract java.util.List cl.duoc.analysisms.repository.AnalysisRequestRepository.findByDoctorUserId(java.lang.Long); Reason: Failed to create query for method public abstract java.util.List cl.duoc.analysisms.repository.AnalysisRequestRepository.findByDoctorUserId(java.lang.Long); No property 'doctorUserId' found for type 'AnalysisRequest'
2025-12-15 01:11:42 [restartedMain] INFO  o.s.o.j.LocalContainerEntityManagerFactoryBean - Closing JPA EntityManagerFactory for persistence unit 'default'
2025-12-15 01:11:42 [restartedMain] INFO  com.zaxxer.hikari.HikariDataSource - HikariPool-1 - Shutdown initiated...
2025-12-15 01:11:42 [restartedMain] INFO  com.zaxxer.hikari.HikariDataSource - HikariPool-1 - Shutdown completed.
2025-12-15 01:11:42 [restartedMain] INFO  o.a.catalina.core.StandardService - Stopping service [Tomcat]
2025-12-15 01:11:42 [restartedMain] INFO  o.s.b.a.l.ConditionEvaluationReportLogger - 

Error starting ApplicationContext. To display the condition evaluation report re-run your application with 'debug' enabled.
2025-12-15 01:11:42 [restartedMain] ERROR o.s.boot.SpringApplication - Application run failed
org.springframework.beans.factory.UnsatisfiedDependencyException: Error creating bean with name 'analysisController': Unsatisfied dependency expressed through field 'analysisRequestService': Error creating bean with name 'analysisRequestServiceImpl' defined in file [C:\Users\pc\Developer\Duoc\Fullstack_3\analysis-ms\analysisms\target\classes\cl\duoc\analysisms\service\AnalysisRequestServiceImpl.class]: Unsatisfied dependency expressed through constructor parameter 0: Error creating bean with name 'analysisRequestRepository' defined in cl.duoc.analysisms.repository.AnalysisRequestRepository defined in @EnableJpaRepositories declared on JpaRepositoriesRegistrar.EnableJpaRepositoriesConfiguration: Could not create query for public abstract java.util.List cl.duoc.analysisms.repository.AnalysisRequestRepository.findByDoctorUserId(java.lang.Long); Reason: Failed to create query for method public abstract java.util.List cl.duoc.analysisms.repository.AnalysisRequestRepository.findByDoctorUserId(java.lang.Long); No property 'doctorUserId' found for type 'AnalysisRequest'
	at org.springframework.beans.factory.annotation.AutowiredAnnotationBeanPostProcessor$AutowiredFieldElement.resolveFieldValue(AutowiredAnnotationBeanPostProcessor.java:788)
	at org.springframework.beans.factory.annotation.AutowiredAnnotationBeanPostProcessor$AutowiredFieldElement.inject(AutowiredAnnotationBeanPostProcessor.java:768)
	at org.springframework.beans.factory.annotation.InjectionMetadata.inject(InjectionMetadata.java:146)
	at org.springframework.beans.factory.annotation.AutowiredAnnotationBeanPostProcessor.postProcessProperties(AutowiredAnnotationBeanPostProcessor.java:509)
	at org.springframework.beans.factory.support.AbstractAutowireCapableBeanFactory.populateBean(AbstractAutowireCapableBeanFactory.java:1459)
	at org.springframework.beans.factory.support.AbstractAutowireCapableBeanFactory.doCreateBean(AbstractAutowireCapableBeanFactory.java:606)
	at org.springframework.beans.factory.support.AbstractAutowireCapableBeanFactory.createBean(AbstractAutowireCapableBeanFactory.java:529)
	at org.springframework.beans.factory.support.AbstractBeanFactory.lambda$doGetBean$0(AbstractBeanFactory.java:339)
	at org.springframework.beans.factory.support.DefaultSingletonBeanRegistry.getSingleton(DefaultSingletonBeanRegistry.java:373)
	at org.springframework.beans.factory.support.AbstractBeanFactory.doGetBean(AbstractBeanFactory.java:337)
	at org.springframework.beans.factory.support.AbstractBeanFactory.getBean(AbstractBeanFactory.java:202)
	at org.springframework.beans.factory.support.DefaultListableBeanFactory.instantiateSingleton(DefaultListableBeanFactory.java:1228)
	at org.springframework.beans.factory.support.DefaultListableBeanFactory.preInstantiateSingleton(DefaultListableBeanFactory.java:1194)
	at org.springframework.beans.factory.support.DefaultListableBeanFactory.preInstantiateSingletons(DefaultListableBeanFactory.java:1130)
	at org.springframework.context.support.AbstractApplicationContext.finishBeanFactoryInitialization(AbstractApplicationContext.java:990)
	at org.springframework.context.support.AbstractApplicationContext.refresh(AbstractApplicationContext.java:627)
	at org.springframework.boot.web.servlet.context.ServletWebServerApplicationContext.refresh(ServletWebServerApplicationContext.java:146)
	at org.springframework.boot.SpringApplication.refresh(SpringApplication.java:752)
	at org.springframework.boot.SpringApplication.refreshContext(SpringApplication.java:439)
	at org.springframework.boot.SpringApplication.run(SpringApplication.java:318)
	at org.springframework.boot.SpringApplication.run(SpringApplication.java:1361)
	at org.springframework.boot.SpringApplication.run(SpringApplication.java:1350)
	at cl.duoc.analysisms.AnalysismsApplication.main(AnalysismsApplication.java:10)
	at java.base/jdk.internal.reflect.DirectMethodHandleAccessor.invoke(DirectMethodHandleAccessor.java:103)
	at java.base/java.lang.reflect.Method.invoke(Method.java:580)
	at org.springframework.boot.devtools.restart.RestartLauncher.run(RestartLauncher.java:50)
Caused by: org.springframework.beans.factory.UnsatisfiedDependencyException: Error creating bean with name 'analysisRequestServiceImpl' defined in file [C:\Users\pc\Developer\Duoc\Fullstack_3\analysis-ms\analysisms\target\classes\cl\duoc\analysisms\service\AnalysisRequestServiceImpl.class]: Unsatisfied dependency expressed through constructor parameter 0: Error creating bean with name 'analysisRequestRepository' defined in cl.duoc.analysisms.repository.AnalysisRequestRepository defined in @EnableJpaRepositories declared on JpaRepositoriesRegistrar.EnableJpaRepositoriesConfiguration: Could not create query for public abstract java.util.List cl.duoc.analysisms.repository.AnalysisRequestRepository.findByDoctorUserId(java.lang.Long); Reason: Failed to create query for method public abstract java.util.List cl.duoc.analysisms.repository.AnalysisRequestRepository.findByDoctorUserId(java.lang.Long); No property 'doctorUserId' found for type 'AnalysisRequest'
	at org.springframework.beans.factory.support.ConstructorResolver.createArgumentArray(ConstructorResolver.java:804)
	at org.springframework.beans.factory.support.ConstructorResolver.autowireConstructor(ConstructorResolver.java:240)
	at org.springframework.beans.factory.support.AbstractAutowireCapableBeanFactory.autowireConstructor(AbstractAutowireCapableBeanFactory.java:1395)
	at org.springframework.beans.factory.support.AbstractAutowireCapableBeanFactory.createBeanInstance(AbstractAutowireCapableBeanFactory.java:1232)
	at org.springframework.beans.factory.support.AbstractAutowireCapableBeanFactory.doCreateBean(AbstractAutowireCapableBeanFactory.java:569)
	at org.springframework.beans.factory.support.AbstractAutowireCapableBeanFactory.createBean(AbstractAutowireCapableBeanFactory.java:529)
	at org.springframework.beans.factory.support.AbstractBeanFactory.lambda$doGetBean$0(AbstractBeanFactory.java:339)
	at org.springframework.beans.factory.support.DefaultSingletonBeanRegistry.getSingleton(DefaultSingletonBeanRegistry.java:373)
	at org.springframework.beans.factory.support.AbstractBeanFactory.doGetBean(AbstractBeanFactory.java:337)
	at org.springframework.beans.factory.support.AbstractBeanFactory.getBean(AbstractBeanFactory.java:202)
	at org.springframework.beans.factory.config.DependencyDescriptor.resolveCandidate(DependencyDescriptor.java:254)
	at org.springframework.beans.factory.support.DefaultListableBeanFactory.doResolveDependency(DefaultListableBeanFactory.java:1770)
	at org.springframework.beans.factory.support.DefaultListableBeanFactory.resolveDependency(DefaultListableBeanFactory.java:1653)
	at org.springframework.beans.factory.annotation.AutowiredAnnotationBeanPostProcessor$AutowiredFieldElement.resolveFieldValue(AutowiredAnnotationBeanPostProcessor.java:785)
	... 25 common frames omitted
Caused by: org.springframework.beans.factory.BeanCreationException: Error creating bean with name 'analysisRequestRepository' defined in cl.duoc.analysisms.repository.AnalysisRequestRepository defined in @EnableJpaRepositories declared on JpaRepositoriesRegistrar.EnableJpaRepositoriesConfiguration: Could not create query for public abstract java.util.List cl.duoc.analysisms.repository.AnalysisRequestRepository.findByDoctorUserId(java.lang.Long); Reason: Failed to create query for method public abstract java.util.List cl.duoc.analysisms.repository.AnalysisRequestRepository.findByDoctorUserId(java.lang.Long); No property 'doctorUserId' found for type 'AnalysisRequest'
	at org.springframework.beans.factory.support.AbstractAutowireCapableBeanFactory.initializeBean(AbstractAutowireCapableBeanFactory.java:1826)
	at org.springframework.beans.factory.support.AbstractAutowireCapableBeanFactory.doCreateBean(AbstractAutowireCapableBeanFactory.java:607)
	at org.springframework.beans.factory.support.AbstractAutowireCapableBeanFactory.createBean(AbstractAutowireCapableBeanFactory.java:529)
	at org.springframework.beans.factory.support.AbstractBeanFactory.lambda$doGetBean$0(AbstractBeanFactory.java:339)
	at org.springframework.beans.factory.support.DefaultSingletonBeanRegistry.getSingleton(DefaultSingletonBeanRegistry.java:373)
	at org.springframework.beans.factory.support.AbstractBeanFactory.doGetBean(AbstractBeanFactory.java:337)
	at org.springframework.beans.factory.support.AbstractBeanFactory.getBean(AbstractBeanFactory.java:202)
	at org.springframework.beans.factory.support.DefaultListableBeanFactory.doResolveDependency(DefaultListableBeanFactory.java:1708)
	at org.springframework.beans.factory.support.DefaultListableBeanFactory.resolveDependency(DefaultListableBeanFactory.java:1653)
	at org.springframework.beans.factory.support.ConstructorResolver.resolveAutowiredArgument(ConstructorResolver.java:913)
	at org.springframework.beans.factory.support.ConstructorResolver.createArgumentArray(ConstructorResolver.java:791)
	... 38 common frames omitted
Caused by: org.springframework.data.repository.query.QueryCreationException: Could not create query for public abstract java.util.List cl.duoc.analysisms.repository.AnalysisRequestRepository.findByDoctorUserId(java.lang.Long); Reason: Failed to create query for method public abstract java.util.List cl.duoc.analysisms.repository.AnalysisRequestRepository.findByDoctorUserId(java.lang.Long); No property 'doctorUserId' found for type 'AnalysisRequest'
	at org.springframework.data.repository.query.QueryCreationException.create(QueryCreationException.java:101)
	at org.springframework.data.repository.core.support.QueryExecutorMethodInterceptor.lookupQuery(QueryExecutorMethodInterceptor.java:120)
	at org.springframework.data.repository.core.support.QueryExecutorMethodInterceptor.mapMethodsToQuery(QueryExecutorMethodInterceptor.java:104)
	at org.springframework.data.repository.core.support.QueryExecutorMethodInterceptor.lambda$new$0(QueryExecutorMethodInterceptor.java:92)
	at java.base/java.util.Optional.map(Optional.java:260)
	at org.springframework.data.repository.core.support.QueryExecutorMethodInterceptor.<init>(QueryExecutorMethodInterceptor.java:92)
	at org.springframework.data.repository.core.support.RepositoryFactorySupport.getRepository(RepositoryFactorySupport.java:434)
	at org.springframework.data.repository.core.support.RepositoryFactoryBeanSupport.lambda$afterPropertiesSet$4(RepositoryFactoryBeanSupport.java:350)
	at org.springframework.data.util.Lazy.getNullable(Lazy.java:135)
	at org.springframework.data.util.Lazy.get(Lazy.java:113)
	at org.springframework.data.repository.core.support.RepositoryFactoryBeanSupport.afterPropertiesSet(RepositoryFactoryBeanSupport.java:356)
	at org.springframework.data.jpa.repository.support.JpaRepositoryFactoryBean.afterPropertiesSet(JpaRepositoryFactoryBean.java:132)
	at org.springframework.beans.factory.support.AbstractAutowireCapableBeanFactory.invokeInitMethods(AbstractAutowireCapableBeanFactory.java:1873)
	at org.springframework.beans.factory.support.AbstractAutowireCapableBeanFactory.initializeBean(AbstractAutowireCapableBeanFactory.java:1822)
	... 48 common frames omitted
Caused by: java.lang.IllegalArgumentException: Failed to create query for method public abstract java.util.List cl.duoc.analysisms.repository.AnalysisRequestRepository.findByDoctorUserId(java.lang.Long); No property 'doctorUserId' found for type 'AnalysisRequest'
	at org.springframework.data.jpa.repository.query.PartTreeJpaQuery.<init>(PartTreeJpaQuery.java:107)
	at org.springframework.data.jpa.repository.query.JpaQueryLookupStrategy$CreateQueryLookupStrategy.resolveQuery(JpaQueryLookupStrategy.java:128)
	at org.springframework.data.jpa.repository.query.JpaQueryLookupStrategy$CreateIfNotFoundQueryLookupStrategy.resolveQuery(JpaQueryLookupStrategy.java:260)
	at org.springframework.data.jpa.repository.query.JpaQueryLookupStrategy$AbstractQueryLookupStrategy.resolveQuery(JpaQueryLookupStrategy.java:99)
	at org.springframework.data.repository.core.support.QueryExecutorMethodInterceptor.lookupQuery(QueryExecutorMethodInterceptor.java:116)
	... 60 common frames omitted
Caused by: org.springframework.data.mapping.PropertyReferenceException: No property 'doctorUserId' found for type 'AnalysisRequest'
	at org.springframework.data.mapping.PropertyPath.<init>(PropertyPath.java:94)
	at org.springframework.data.mapping.PropertyPath.create(PropertyPath.java:455)
	at org.springframework.data.mapping.PropertyPath.create(PropertyPath.java:431)
	at org.springframework.data.mapping.PropertyPath.lambda$from$0(PropertyPath.java:384)
	at java.base/java.util.concurrent.ConcurrentMap.computeIfAbsent(ConcurrentMap.java:330)
	at org.springframework.data.mapping.PropertyPath.from(PropertyPath.java:366)
	at org.springframework.data.mapping.PropertyPath.from(PropertyPath.java:344)
	at org.springframework.data.repository.query.parser.Part.<init>(Part.java:81)
	at org.springframework.data.repository.query.parser.PartTree$OrPart.lambda$new$0(PartTree.java:259)
	at java.base/java.util.stream.ReferencePipeline$3$1.accept(ReferencePipeline.java:197)
	at java.base/java.util.stream.ReferencePipeline$2$1.accept(ReferencePipeline.java:179)
	at java.base/java.util.Spliterators$ArraySpliterator.forEachRemaining(Spliterators.java:1024)
	at java.base/java.util.stream.AbstractPipeline.copyInto(AbstractPipeline.java:509)
	at java.base/java.util.stream.AbstractPipeline.wrapAndCopyInto(AbstractPipeline.java:499)
	at java.base/java.util.stream.ReduceOps$ReduceOp.evaluateSequential(ReduceOps.java:921)
	at java.base/java.util.stream.AbstractPipeline.evaluate(AbstractPipeline.java:234)
	at java.base/java.util.stream.ReferencePipeline.collect(ReferencePipeline.java:682)
	at org.springframework.data.repository.query.parser.PartTree$OrPart.<init>(PartTree.java:260)
	at org.springframework.data.repository.query.parser.PartTree$Predicate.lambda$new$0(PartTree.java:389)
	at java.base/java.util.stream.ReferencePipeline$3$1.accept(ReferencePipeline.java:197)
	at java.base/java.util.stream.ReferencePipeline$2$1.accept(ReferencePipeline.java:179)
	at java.base/java.util.Spliterators$ArraySpliterator.forEachRemaining(Spliterators.java:1024)
	at java.base/java.util.stream.AbstractPipeline.copyInto(AbstractPipeline.java:509)
	at java.base/java.util.stream.AbstractPipeline.wrapAndCopyInto(AbstractPipeline.java:499)
	at java.base/java.util.stream.ReduceOps$ReduceOp.evaluateSequential(ReduceOps.java:921)
	at java.base/java.util.stream.AbstractPipeline.evaluate(AbstractPipeline.java:234)
	at java.base/java.util.stream.ReferencePipeline.collect(ReferencePipeline.java:682)
	at org.springframework.data.repository.query.parser.PartTree$Predicate.<init>(PartTree.java:390)
	at org.springframework.data.repository.query.parser.PartTree.<init>(PartTree.java:103)
	at org.springframework.data.jpa.repository.query.PartTreeJpaQuery.<init>(PartTreeJpaQuery.java:101)
	... 64 common frames omitted
2025-12-15 01:16:47 [restartedMain] INFO  c.d.analysisms.AnalysismsApplication - Starting AnalysismsApplication using Java 21.0.9 with PID 242336 (C:\Users\pc\Developer\Duoc\Fullstack_3\analysis-ms\analysisms\target\classes started by pc in C:\Users\pc\Developer\Duoc\Fullstack_3\analysis-ms\analysisms)
2025-12-15 01:16:47 [restartedMain] DEBUG c.d.analysisms.AnalysismsApplication - Running with Spring Boot v3.5.7, Spring v6.2.12
2025-12-15 01:16:47 [restartedMain] INFO  c.d.analysisms.AnalysismsApplication - No active profile set, falling back to 1 default profile: "default"
2025-12-15 01:16:47 [restartedMain] INFO  o.s.b.d.restart.ChangeableUrls - The Class-Path manifest attribute in C:\Users\pc\.m2\repository\com\oracle\database\jdbc\ojdbc11\23.7.0.25.01\ojdbc11-23.7.0.25.01.jar referenced one or more files that do not exist: file:/C:/Users/pc/.m2/repository/com/oracle/database/jdbc/ojdbc11/23.7.0.25.01/oraclepki.jar
2025-12-15 01:16:47 [restartedMain] INFO  o.s.b.d.restart.ChangeableUrls - The Class-Path manifest attribute in C:\Users\pc\.m2\repository\com\oracle\database\security\oraclepki\21.5.0.0\oraclepki-21.5.0.0.jar referenced one or more files that do not exist: file:/C:/Users/pc/.m2/repository/com/oracle/database/security/oraclepki/21.5.0.0/osdt_core.jar,file:/C:/Users/pc/.m2/repository/com/oracle/database/security/oraclepki/21.5.0.0/osdt_cert.jar,file:/C:/Users/pc/.m2/repository/com/oracle/database/security/oraclepki/oracle.osdt/osdt_core.jar,file:/C:/Users/pc/.m2/repository/com/oracle/database/security/oraclepki/oracle.osdt/osdt_cert.jar
2025-12-15 01:16:47 [restartedMain] INFO  o.s.b.d.e.DevToolsPropertyDefaultsPostProcessor - Devtools property defaults active! Set 'spring.devtools.add-properties' to 'false' to disable
2025-12-15 01:16:47 [restartedMain] INFO  o.s.b.d.e.DevToolsPropertyDefaultsPostProcessor - For additional web related logging consider setting the 'logging.level.web' property to 'DEBUG'
2025-12-15 01:16:47 [restartedMain] INFO  o.s.d.r.c.RepositoryConfigurationDelegate - Bootstrapping Spring Data JPA repositories in DEFAULT mode.
2025-12-15 01:16:47 [restartedMain] INFO  o.s.d.r.c.RepositoryConfigurationDelegate - Finished Spring Data repository scanning in 42 ms. Found 6 JPA repository interfaces.
2025-12-15 01:16:48 [restartedMain] INFO  o.s.b.w.e.tomcat.TomcatWebServer - Tomcat initialized with port 8080 (http)
2025-12-15 01:16:48 [restartedMain] INFO  o.a.catalina.core.StandardService - Starting service [Tomcat]
2025-12-15 01:16:48 [restartedMain] INFO  o.a.catalina.core.StandardEngine - Starting Servlet engine: [Apache Tomcat/10.1.48]
2025-12-15 01:16:48 [restartedMain] INFO  o.a.c.c.C.[Tomcat].[localhost].[/] - Initializing Spring embedded WebApplicationContext
2025-12-15 01:16:48 [restartedMain] INFO  o.s.b.w.s.c.ServletWebServerApplicationContext - Root WebApplicationContext: initialization completed in 1097 ms
2025-12-15 01:16:48 [restartedMain] INFO  o.h.jpa.internal.util.LogHelper - HHH000204: Processing PersistenceUnitInfo [name: default]
2025-12-15 01:16:48 [restartedMain] INFO  org.hibernate.Version - HHH000412: Hibernate ORM core version 6.6.33.Final
2025-12-15 01:16:48 [restartedMain] INFO  o.h.c.i.RegionFactoryInitiator - HHH000026: Second-level cache disabled
2025-12-15 01:16:48 [restartedMain] INFO  o.s.o.j.p.SpringPersistenceUnitInfo - No LoadTimeWeaver setup: ignoring JPA class transformer
2025-12-15 01:16:49 [restartedMain] INFO  com.zaxxer.hikari.HikariDataSource - HikariPool-1 - Starting...
2025-12-15 01:16:49 [restartedMain] WARN  c.z.hikari.util.DriverDataSource - Registered driver with driverClassName=oracle.jdbc.driver.OracleDriver was not found, trying direct instantiation.
2025-12-15 01:16:49 [restartedMain] INFO  com.zaxxer.hikari.pool.HikariPool - HikariPool-1 - Added connection oracle.jdbc.driver.T4CConnection@4df31ab1
2025-12-15 01:16:49 [restartedMain] INFO  com.zaxxer.hikari.HikariDataSource - HikariPool-1 - Start completed.
2025-12-15 01:16:49 [restartedMain] WARN  org.hibernate.orm.deprecation - HHH90000025: OracleDialect does not need to be specified explicitly using 'hibernate.dialect' (remove the property setting and it will be selected by default)
2025-12-15 01:16:49 [restartedMain] INFO  o.hibernate.orm.connections.pooling - HHH10001005: Database info:
	Database JDBC URL [Connecting through datasource 'HikariDataSource (HikariPool-1)']
	Database driver: undefined/unknown
	Database version: 19.29
	Autocommit mode: undefined/unknown
	Isolation level: undefined/unknown
	Minimum pool size: undefined/unknown
	Maximum pool size: undefined/unknown
2025-12-15 01:16:50 [restartedMain] INFO  o.h.e.t.j.p.i.JtaPlatformInitiator - HHH000489: No JTA platform available (set 'hibernate.transaction.jta.platform' to enable JTA platform integration)
2025-12-15 01:16:50 [restartedMain] INFO  o.s.o.j.LocalContainerEntityManagerFactoryBean - Initialized JPA EntityManagerFactory for persistence unit 'default'
2025-12-15 01:16:50 [restartedMain] WARN  o.s.b.w.s.c.AnnotationConfigServletWebServerApplicationContext - Exception encountered during context initialization - cancelling refresh attempt: org.springframework.beans.factory.UnsatisfiedDependencyException: Error creating bean with name 'analysisController': Unsatisfied dependency expressed through field 'analysisRequestService': Error creating bean with name 'analysisRequestServiceImpl' defined in file [C:\Users\pc\Developer\Duoc\Fullstack_3\analysis-ms\analysisms\target\classes\cl\duoc\analysisms\service\AnalysisRequestServiceImpl.class]: Unsatisfied dependency expressed through constructor parameter 0: Error creating bean with name 'analysisRequestRepository' defined in cl.duoc.analysisms.repository.AnalysisRequestRepository defined in @EnableJpaRepositories declared on JpaRepositoriesRegistrar.EnableJpaRepositoriesConfiguration: Could not create query for public abstract java.util.List cl.duoc.analysisms.repository.AnalysisRequestRepository.findByLaboratoryId(java.lang.Long); Reason: Failed to create query for method public abstract java.util.List cl.duoc.analysisms.repository.AnalysisRequestRepository.findByLaboratoryId(java.lang.Long); No property 'id' found for type 'Laboratory'; Traversed path: AnalysisRequest.laboratory
2025-12-15 01:16:50 [restartedMain] INFO  o.s.o.j.LocalContainerEntityManagerFactoryBean - Closing JPA EntityManagerFactory for persistence unit 'default'
2025-12-15 01:16:50 [restartedMain] INFO  com.zaxxer.hikari.HikariDataSource - HikariPool-1 - Shutdown initiated...
2025-12-15 01:16:50 [restartedMain] INFO  com.zaxxer.hikari.HikariDataSource - HikariPool-1 - Shutdown completed.
2025-12-15 01:16:50 [restartedMain] INFO  o.a.catalina.core.StandardService - Stopping service [Tomcat]
2025-12-15 01:16:50 [restartedMain] INFO  o.s.b.a.l.ConditionEvaluationReportLogger - 

Error starting ApplicationContext. To display the condition evaluation report re-run your application with 'debug' enabled.
2025-12-15 01:16:50 [restartedMain] ERROR o.s.boot.SpringApplication - Application run failed
org.springframework.beans.factory.UnsatisfiedDependencyException: Error creating bean with name 'analysisController': Unsatisfied dependency expressed through field 'analysisRequestService': Error creating bean with name 'analysisRequestServiceImpl' defined in file [C:\Users\pc\Developer\Duoc\Fullstack_3\analysis-ms\analysisms\target\classes\cl\duoc\analysisms\service\AnalysisRequestServiceImpl.class]: Unsatisfied dependency expressed through constructor parameter 0: Error creating bean with name 'analysisRequestRepository' defined in cl.duoc.analysisms.repository.AnalysisRequestRepository defined in @EnableJpaRepositories declared on JpaRepositoriesRegistrar.EnableJpaRepositoriesConfiguration: Could not create query for public abstract java.util.List cl.duoc.analysisms.repository.AnalysisRequestRepository.findByLaboratoryId(java.lang.Long); Reason: Failed to create query for method public abstract java.util.List cl.duoc.analysisms.repository.AnalysisRequestRepository.findByLaboratoryId(java.lang.Long); No property 'id' found for type 'Laboratory'; Traversed path: AnalysisRequest.laboratory
	at org.springframework.beans.factory.annotation.AutowiredAnnotationBeanPostProcessor$AutowiredFieldElement.resolveFieldValue(AutowiredAnnotationBeanPostProcessor.java:788)
	at org.springframework.beans.factory.annotation.AutowiredAnnotationBeanPostProcessor$AutowiredFieldElement.inject(AutowiredAnnotationBeanPostProcessor.java:768)
	at org.springframework.beans.factory.annotation.InjectionMetadata.inject(InjectionMetadata.java:146)
	at org.springframework.beans.factory.annotation.AutowiredAnnotationBeanPostProcessor.postProcessProperties(AutowiredAnnotationBeanPostProcessor.java:509)
	at org.springframework.beans.factory.support.AbstractAutowireCapableBeanFactory.populateBean(AbstractAutowireCapableBeanFactory.java:1459)
	at org.springframework.beans.factory.support.AbstractAutowireCapableBeanFactory.doCreateBean(AbstractAutowireCapableBeanFactory.java:606)
	at org.springframework.beans.factory.support.AbstractAutowireCapableBeanFactory.createBean(AbstractAutowireCapableBeanFactory.java:529)
	at org.springframework.beans.factory.support.AbstractBeanFactory.lambda$doGetBean$0(AbstractBeanFactory.java:339)
	at org.springframework.beans.factory.support.DefaultSingletonBeanRegistry.getSingleton(DefaultSingletonBeanRegistry.java:373)
	at org.springframework.beans.factory.support.AbstractBeanFactory.doGetBean(AbstractBeanFactory.java:337)
	at org.springframework.beans.factory.support.AbstractBeanFactory.getBean(AbstractBeanFactory.java:202)
	at org.springframework.beans.factory.support.DefaultListableBeanFactory.instantiateSingleton(DefaultListableBeanFactory.java:1228)
	at org.springframework.beans.factory.support.DefaultListableBeanFactory.preInstantiateSingleton(DefaultListableBeanFactory.java:1194)
	at org.springframework.beans.factory.support.DefaultListableBeanFactory.preInstantiateSingletons(DefaultListableBeanFactory.java:1130)
	at org.springframework.context.support.AbstractApplicationContext.finishBeanFactoryInitialization(AbstractApplicationContext.java:990)
	at org.springframework.context.support.AbstractApplicationContext.refresh(AbstractApplicationContext.java:627)
	at org.springframework.boot.web.servlet.context.ServletWebServerApplicationContext.refresh(ServletWebServerApplicationContext.java:146)
	at org.springframework.boot.SpringApplication.refresh(SpringApplication.java:752)
	at org.springframework.boot.SpringApplication.refreshContext(SpringApplication.java:439)
	at org.springframework.boot.SpringApplication.run(SpringApplication.java:318)
	at org.springframework.boot.SpringApplication.run(SpringApplication.java:1361)
	at org.springframework.boot.SpringApplication.run(SpringApplication.java:1350)
	at cl.duoc.analysisms.AnalysismsApplication.main(AnalysismsApplication.java:10)
	at java.base/jdk.internal.reflect.DirectMethodHandleAccessor.invoke(DirectMethodHandleAccessor.java:103)
	at java.base/java.lang.reflect.Method.invoke(Method.java:580)
	at org.springframework.boot.devtools.restart.RestartLauncher.run(RestartLauncher.java:50)
Caused by: org.springframework.beans.factory.UnsatisfiedDependencyException: Error creating bean with name 'analysisRequestServiceImpl' defined in file [C:\Users\pc\Developer\Duoc\Fullstack_3\analysis-ms\analysisms\target\classes\cl\duoc\analysisms\service\AnalysisRequestServiceImpl.class]: Unsatisfied dependency expressed through constructor parameter 0: Error creating bean with name 'analysisRequestRepository' defined in cl.duoc.analysisms.repository.AnalysisRequestRepository defined in @EnableJpaRepositories declared on JpaRepositoriesRegistrar.EnableJpaRepositoriesConfiguration: Could not create query for public abstract java.util.List cl.duoc.analysisms.repository.AnalysisRequestRepository.findByLaboratoryId(java.lang.Long); Reason: Failed to create query for method public abstract java.util.List cl.duoc.analysisms.repository.AnalysisRequestRepository.findByLaboratoryId(java.lang.Long); No property 'id' found for type 'Laboratory'; Traversed path: AnalysisRequest.laboratory
	at org.springframework.beans.factory.support.ConstructorResolver.createArgumentArray(ConstructorResolver.java:804)
	at org.springframework.beans.factory.support.ConstructorResolver.autowireConstructor(ConstructorResolver.java:240)
	at org.springframework.beans.factory.support.AbstractAutowireCapableBeanFactory.autowireConstructor(AbstractAutowireCapableBeanFactory.java:1395)
	at org.springframework.beans.factory.support.AbstractAutowireCapableBeanFactory.createBeanInstance(AbstractAutowireCapableBeanFactory.java:1232)
	at org.springframework.beans.factory.support.AbstractAutowireCapableBeanFactory.doCreateBean(AbstractAutowireCapableBeanFactory.java:569)
	at org.springframework.beans.factory.support.AbstractAutowireCapableBeanFactory.createBean(AbstractAutowireCapableBeanFactory.java:529)
	at org.springframework.beans.factory.support.AbstractBeanFactory.lambda$doGetBean$0(AbstractBeanFactory.java:339)
	at org.springframework.beans.factory.support.DefaultSingletonBeanRegistry.getSingleton(DefaultSingletonBeanRegistry.java:373)
	at org.springframework.beans.factory.support.AbstractBeanFactory.doGetBean(AbstractBeanFactory.java:337)
	at org.springframework.beans.factory.support.AbstractBeanFactory.getBean(AbstractBeanFactory.java:202)
	at org.springframework.beans.factory.config.DependencyDescriptor.resolveCandidate(DependencyDescriptor.java:254)
	at org.springframework.beans.factory.support.DefaultListableBeanFactory.doResolveDependency(DefaultListableBeanFactory.java:1770)
	at org.springframework.beans.factory.support.DefaultListableBeanFactory.resolveDependency(DefaultListableBeanFactory.java:1653)
	at org.springframework.beans.factory.annotation.AutowiredAnnotationBeanPostProcessor$AutowiredFieldElement.resolveFieldValue(AutowiredAnnotationBeanPostProcessor.java:785)
	... 25 common frames omitted
Caused by: org.springframework.beans.factory.BeanCreationException: Error creating bean with name 'analysisRequestRepository' defined in cl.duoc.analysisms.repository.AnalysisRequestRepository defined in @EnableJpaRepositories declared on JpaRepositoriesRegistrar.EnableJpaRepositoriesConfiguration: Could not create query for public abstract java.util.List cl.duoc.analysisms.repository.AnalysisRequestRepository.findByLaboratoryId(java.lang.Long); Reason: Failed to create query for method public abstract java.util.List cl.duoc.analysisms.repository.AnalysisRequestRepository.findByLaboratoryId(java.lang.Long); No property 'id' found for type 'Laboratory'; Traversed path: AnalysisRequest.laboratory
	at org.springframework.beans.factory.support.AbstractAutowireCapableBeanFactory.initializeBean(AbstractAutowireCapableBeanFactory.java:1826)
	at org.springframework.beans.factory.support.AbstractAutowireCapableBeanFactory.doCreateBean(AbstractAutowireCapableBeanFactory.java:607)
	at org.springframework.beans.factory.support.AbstractAutowireCapableBeanFactory.createBean(AbstractAutowireCapableBeanFactory.java:529)
	at org.springframework.beans.factory.support.AbstractBeanFactory.lambda$doGetBean$0(AbstractBeanFactory.java:339)
	at org.springframework.beans.factory.support.DefaultSingletonBeanRegistry.getSingleton(DefaultSingletonBeanRegistry.java:373)
	at org.springframework.beans.factory.support.AbstractBeanFactory.doGetBean(AbstractBeanFactory.java:337)
	at org.springframework.beans.factory.support.AbstractBeanFactory.getBean(AbstractBeanFactory.java:202)
	at org.springframework.beans.factory.support.DefaultListableBeanFactory.doResolveDependency(DefaultListableBeanFactory.java:1708)
	at org.springframework.beans.factory.support.DefaultListableBeanFactory.resolveDependency(DefaultListableBeanFactory.java:1653)
	at org.springframework.beans.factory.support.ConstructorResolver.resolveAutowiredArgument(ConstructorResolver.java:913)
	at org.springframework.beans.factory.support.ConstructorResolver.createArgumentArray(ConstructorResolver.java:791)
	... 38 common frames omitted
Caused by: org.springframework.data.repository.query.QueryCreationException: Could not create query for public abstract java.util.List cl.duoc.analysisms.repository.AnalysisRequestRepository.findByLaboratoryId(java.lang.Long); Reason: Failed to create query for method public abstract java.util.List cl.duoc.analysisms.repository.AnalysisRequestRepository.findByLaboratoryId(java.lang.Long); No property 'id' found for type 'Laboratory'; Traversed path: AnalysisRequest.laboratory
	at org.springframework.data.repository.query.QueryCreationException.create(QueryCreationException.java:101)
	at org.springframework.data.repository.core.support.QueryExecutorMethodInterceptor.lookupQuery(QueryExecutorMethodInterceptor.java:120)
	at org.springframework.data.repository.core.support.QueryExecutorMethodInterceptor.mapMethodsToQuery(QueryExecutorMethodInterceptor.java:104)
	at org.springframework.data.repository.core.support.QueryExecutorMethodInterceptor.lambda$new$0(QueryExecutorMethodInterceptor.java:92)
	at java.base/java.util.Optional.map(Optional.java:260)
	at org.springframework.data.repository.core.support.QueryExecutorMethodInterceptor.<init>(QueryExecutorMethodInterceptor.java:92)
	at org.springframework.data.repository.core.support.RepositoryFactorySupport.getRepository(RepositoryFactorySupport.java:434)
	at org.springframework.data.repository.core.support.RepositoryFactoryBeanSupport.lambda$afterPropertiesSet$4(RepositoryFactoryBeanSupport.java:350)
	at org.springframework.data.util.Lazy.getNullable(Lazy.java:135)
	at org.springframework.data.util.Lazy.get(Lazy.java:113)
	at org.springframework.data.repository.core.support.RepositoryFactoryBeanSupport.afterPropertiesSet(RepositoryFactoryBeanSupport.java:356)
	at org.springframework.data.jpa.repository.support.JpaRepositoryFactoryBean.afterPropertiesSet(JpaRepositoryFactoryBean.java:132)
	at org.springframework.beans.factory.support.AbstractAutowireCapableBeanFactory.invokeInitMethods(AbstractAutowireCapableBeanFactory.java:1873)
	at org.springframework.beans.factory.support.AbstractAutowireCapableBeanFactory.initializeBean(AbstractAutowireCapableBeanFactory.java:1822)
	... 48 common frames omitted
Caused by: java.lang.IllegalArgumentException: Failed to create query for method public abstract java.util.List cl.duoc.analysisms.repository.AnalysisRequestRepository.findByLaboratoryId(java.lang.Long); No property 'id' found for type 'Laboratory'; Traversed path: AnalysisRequest.laboratory
	at org.springframework.data.jpa.repository.query.PartTreeJpaQuery.<init>(PartTreeJpaQuery.java:107)
	at org.springframework.data.jpa.repository.query.JpaQueryLookupStrategy$CreateQueryLookupStrategy.resolveQuery(JpaQueryLookupStrategy.java:128)
	at org.springframework.data.jpa.repository.query.JpaQueryLookupStrategy$CreateIfNotFoundQueryLookupStrategy.resolveQuery(JpaQueryLookupStrategy.java:260)
	at org.springframework.data.jpa.repository.query.JpaQueryLookupStrategy$AbstractQueryLookupStrategy.resolveQuery(JpaQueryLookupStrategy.java:99)
	at org.springframework.data.repository.core.support.QueryExecutorMethodInterceptor.lookupQuery(QueryExecutorMethodInterceptor.java:116)
	... 60 common frames omitted
Caused by: org.springframework.data.mapping.PropertyReferenceException: No property 'id' found for type 'Laboratory'; Traversed path: AnalysisRequest.laboratory
	at org.springframework.data.mapping.PropertyPath.<init>(PropertyPath.java:94)
	at org.springframework.data.mapping.PropertyPath.create(PropertyPath.java:455)
	at org.springframework.data.mapping.PropertyPath.create(PropertyPath.java:431)
	at org.springframework.data.mapping.PropertyPath.create(PropertyPath.java:465)
	at org.springframework.data.mapping.PropertyPath.create(PropertyPath.java:488)
	at org.springframework.data.mapping.PropertyPath.create(PropertyPath.java:431)
	at org.springframework.data.mapping.PropertyPath.lambda$from$0(PropertyPath.java:384)
	at java.base/java.util.concurrent.ConcurrentMap.computeIfAbsent(ConcurrentMap.java:330)
	at org.springframework.data.mapping.PropertyPath.from(PropertyPath.java:366)
	at org.springframework.data.mapping.PropertyPath.from(PropertyPath.java:344)
	at org.springframework.data.repository.query.parser.Part.<init>(Part.java:81)
	at org.springframework.data.repository.query.parser.PartTree$OrPart.lambda$new$0(PartTree.java:259)
	at java.base/java.util.stream.ReferencePipeline$3$1.accept(ReferencePipeline.java:197)
	at java.base/java.util.stream.ReferencePipeline$2$1.accept(ReferencePipeline.java:179)
	at java.base/java.util.Spliterators$ArraySpliterator.forEachRemaining(Spliterators.java:1024)
	at java.base/java.util.stream.AbstractPipeline.copyInto(AbstractPipeline.java:509)
	at java.base/java.util.stream.AbstractPipeline.wrapAndCopyInto(AbstractPipeline.java:499)
	at java.base/java.util.stream.ReduceOps$ReduceOp.evaluateSequential(ReduceOps.java:921)
	at java.base/java.util.stream.AbstractPipeline.evaluate(AbstractPipeline.java:234)
	at java.base/java.util.stream.ReferencePipeline.collect(ReferencePipeline.java:682)
	at org.springframework.data.repository.query.parser.PartTree$OrPart.<init>(PartTree.java:260)
	at org.springframework.data.repository.query.parser.PartTree$Predicate.lambda$new$0(PartTree.java:389)
	at java.base/java.util.stream.ReferencePipeline$3$1.accept(ReferencePipeline.java:197)
	at java.base/java.util.stream.ReferencePipeline$2$1.accept(ReferencePipeline.java:179)
	at java.base/java.util.Spliterators$ArraySpliterator.forEachRemaining(Spliterators.java:1024)
	at java.base/java.util.stream.AbstractPipeline.copyInto(AbstractPipeline.java:509)
	at java.base/java.util.stream.AbstractPipeline.wrapAndCopyInto(AbstractPipeline.java:499)
	at java.base/java.util.stream.ReduceOps$ReduceOp.evaluateSequential(ReduceOps.java:921)
	at java.base/java.util.stream.AbstractPipeline.evaluate(AbstractPipeline.java:234)
	at java.base/java.util.stream.ReferencePipeline.collect(ReferencePipeline.java:682)
	at org.springframework.data.repository.query.parser.PartTree$Predicate.<init>(PartTree.java:390)
	at org.springframework.data.repository.query.parser.PartTree.<init>(PartTree.java:103)
	at org.springframework.data.jpa.repository.query.PartTreeJpaQuery.<init>(PartTreeJpaQuery.java:101)
	... 64 common frames omitted
2025-12-15 01:17:17 [restartedMain] INFO  c.d.analysisms.AnalysismsApplication - Starting AnalysismsApplication using Java 21.0.9 with PID 272448 (C:\Users\pc\Developer\Duoc\Fullstack_3\analysis-ms\analysisms\target\classes started by pc in C:\Users\pc\Developer\Duoc\Fullstack_3\analysis-ms\analysisms)
2025-12-15 01:17:17 [restartedMain] DEBUG c.d.analysisms.AnalysismsApplication - Running with Spring Boot v3.5.7, Spring v6.2.12
2025-12-15 01:17:17 [restartedMain] INFO  c.d.analysisms.AnalysismsApplication - No active profile set, falling back to 1 default profile: "default"
2025-12-15 01:17:17 [restartedMain] INFO  o.s.b.d.restart.ChangeableUrls - The Class-Path manifest attribute in C:\Users\pc\.m2\repository\com\oracle\database\jdbc\ojdbc11\23.7.0.25.01\ojdbc11-23.7.0.25.01.jar referenced one or more files that do not exist: file:/C:/Users/pc/.m2/repository/com/oracle/database/jdbc/ojdbc11/23.7.0.25.01/oraclepki.jar
2025-12-15 01:17:17 [restartedMain] INFO  o.s.b.d.restart.ChangeableUrls - The Class-Path manifest attribute in C:\Users\pc\.m2\repository\com\oracle\database\security\oraclepki\21.5.0.0\oraclepki-21.5.0.0.jar referenced one or more files that do not exist: file:/C:/Users/pc/.m2/repository/com/oracle/database/security/oraclepki/21.5.0.0/osdt_core.jar,file:/C:/Users/pc/.m2/repository/com/oracle/database/security/oraclepki/21.5.0.0/osdt_cert.jar,file:/C:/Users/pc/.m2/repository/com/oracle/database/security/oraclepki/oracle.osdt/osdt_core.jar,file:/C:/Users/pc/.m2/repository/com/oracle/database/security/oraclepki/oracle.osdt/osdt_cert.jar
2025-12-15 01:17:17 [restartedMain] INFO  o.s.b.d.e.DevToolsPropertyDefaultsPostProcessor - Devtools property defaults active! Set 'spring.devtools.add-properties' to 'false' to disable
2025-12-15 01:17:17 [restartedMain] INFO  o.s.b.d.e.DevToolsPropertyDefaultsPostProcessor - For additional web related logging consider setting the 'logging.level.web' property to 'DEBUG'
2025-12-15 01:17:17 [restartedMain] INFO  o.s.d.r.c.RepositoryConfigurationDelegate - Bootstrapping Spring Data JPA repositories in DEFAULT mode.
2025-12-15 01:17:17 [restartedMain] INFO  o.s.d.r.c.RepositoryConfigurationDelegate - Finished Spring Data repository scanning in 44 ms. Found 6 JPA repository interfaces.
2025-12-15 01:17:18 [restartedMain] INFO  o.s.b.w.e.tomcat.TomcatWebServer - Tomcat initialized with port 8080 (http)
2025-12-15 01:17:18 [restartedMain] INFO  o.s.b.w.s.c.ServletWebServerApplicationContext - Root WebApplicationContext: initialization completed in 1050 ms
2025-12-15 01:17:18 [restartedMain] INFO  o.h.jpa.internal.util.LogHelper - HHH000204: Processing PersistenceUnitInfo [name: default]
2025-12-15 01:17:18 [restartedMain] INFO  org.hibernate.Version - HHH000412: Hibernate ORM core version 6.6.33.Final
2025-12-15 01:17:18 [restartedMain] INFO  o.h.c.i.RegionFactoryInitiator - HHH000026: Second-level cache disabled
2025-12-15 01:17:18 [restartedMain] INFO  o.s.o.j.p.SpringPersistenceUnitInfo - No LoadTimeWeaver setup: ignoring JPA class transformer
2025-12-15 01:17:18 [restartedMain] INFO  com.zaxxer.hikari.HikariDataSource - HikariPool-1 - Starting...
2025-12-15 01:17:18 [restartedMain] WARN  c.z.hikari.util.DriverDataSource - Registered driver with driverClassName=oracle.jdbc.driver.OracleDriver was not found, trying direct instantiation.
2025-12-15 01:17:19 [restartedMain] INFO  com.zaxxer.hikari.pool.HikariPool - HikariPool-1 - Added connection oracle.jdbc.driver.T4CConnection@5dc2e56a
2025-12-15 01:17:19 [restartedMain] INFO  com.zaxxer.hikari.HikariDataSource - HikariPool-1 - Start completed.
2025-12-15 01:17:19 [restartedMain] WARN  org.hibernate.orm.deprecation - HHH90000025: OracleDialect does not need to be specified explicitly using 'hibernate.dialect' (remove the property setting and it will be selected by default)
2025-12-15 01:17:19 [restartedMain] INFO  o.hibernate.orm.connections.pooling - HHH10001005: Database info:
	Database JDBC URL [Connecting through datasource 'HikariDataSource (HikariPool-1)']
	Database driver: undefined/unknown
	Database version: 19.29
	Autocommit mode: undefined/unknown
	Isolation level: undefined/unknown
	Minimum pool size: undefined/unknown
	Maximum pool size: undefined/unknown
2025-12-15 01:17:20 [restartedMain] INFO  o.h.e.t.j.p.i.JtaPlatformInitiator - HHH000489: No JTA platform available (set 'hibernate.transaction.jta.platform' to enable JTA platform integration)
2025-12-15 01:17:20 [restartedMain] INFO  o.s.o.j.LocalContainerEntityManagerFactoryBean - Initialized JPA EntityManagerFactory for persistence unit 'default'
2025-12-15 01:17:20 [restartedMain] WARN  o.s.b.w.s.c.AnnotationConfigServletWebServerApplicationContext - Exception encountered during context initialization - cancelling refresh attempt: org.springframework.beans.factory.UnsatisfiedDependencyException: Error creating bean with name 'analysisController': Unsatisfied dependency expressed through field 'analysisRequestService': Error creating bean with name 'analysisRequestServiceImpl' defined in file [C:\Users\pc\Developer\Duoc\Fullstack_3\analysis-ms\analysisms\target\classes\cl\duoc\analysisms\service\AnalysisRequestServiceImpl.class]: Unsatisfied dependency expressed through constructor parameter 0: Error creating bean with name 'analysisRequestRepository' defined in cl.duoc.analysisms.repository.AnalysisRequestRepository defined in @EnableJpaRepositories declared on JpaRepositoriesRegistrar.EnableJpaRepositoriesConfiguration: Could not create query for public abstract java.util.List cl.duoc.analysisms.repository.AnalysisRequestRepository.findByUserId(java.lang.Long); Reason: Failed to create query for method public abstract java.util.List cl.duoc.analysisms.repository.AnalysisRequestRepository.findByUserId(java.lang.Long); No property 'id' found for type 'User'; Traversed path: AnalysisRequest.user
2025-12-15 01:17:20 [restartedMain] INFO  o.s.o.j.LocalContainerEntityManagerFactoryBean - Closing JPA EntityManagerFactory for persistence unit 'default'
2025-12-15 01:17:20 [restartedMain] INFO  com.zaxxer.hikari.HikariDataSource - HikariPool-1 - Shutdown initiated...
2025-12-15 01:17:20 [restartedMain] INFO  com.zaxxer.hikari.HikariDataSource - HikariPool-1 - Shutdown completed.
2025-12-15 01:17:23 [restartedMain] INFO  c.d.analysisms.AnalysismsApplication - Starting AnalysismsApplication using Java 21.0.9 with PID 273604 (C:\Users\pc\Developer\Duoc\Fullstack_3\analysis-ms\analysisms\target\classes started by pc in C:\Users\pc\Developer\Duoc\Fullstack_3\analysis-ms\analysisms)
2025-12-15 01:17:23 [restartedMain] DEBUG c.d.analysisms.AnalysismsApplication - Running with Spring Boot v3.5.7, Spring v6.2.12
2025-12-15 01:17:23 [restartedMain] INFO  c.d.analysisms.AnalysismsApplication - No active profile set, falling back to 1 default profile: "default"
2025-12-15 01:17:23 [restartedMain] INFO  o.s.b.d.restart.ChangeableUrls - The Class-Path manifest attribute in C:\Users\pc\.m2\repository\com\oracle\database\jdbc\ojdbc11\23.7.0.25.01\ojdbc11-23.7.0.25.01.jar referenced one or more files that do not exist: file:/C:/Users/pc/.m2/repository/com/oracle/database/jdbc/ojdbc11/23.7.0.25.01/oraclepki.jar
2025-12-15 01:17:23 [restartedMain] INFO  o.s.b.d.restart.ChangeableUrls - The Class-Path manifest attribute in C:\Users\pc\.m2\repository\com\oracle\database\security\oraclepki\21.5.0.0\oraclepki-21.5.0.0.jar referenced one or more files that do not exist: file:/C:/Users/pc/.m2/repository/com/oracle/database/security/oraclepki/21.5.0.0/osdt_core.jar,file:/C:/Users/pc/.m2/repository/com/oracle/database/security/oraclepki/21.5.0.0/osdt_cert.jar,file:/C:/Users/pc/.m2/repository/com/oracle/database/security/oraclepki/oracle.osdt/osdt_core.jar,file:/C:/Users/pc/.m2/repository/com/oracle/database/security/oraclepki/oracle.osdt/osdt_cert.jar
2025-12-15 01:17:23 [restartedMain] INFO  o.s.b.d.e.DevToolsPropertyDefaultsPostProcessor - Devtools property defaults active! Set 'spring.devtools.add-properties' to 'false' to disable
2025-12-15 01:17:23 [restartedMain] INFO  o.s.b.d.e.DevToolsPropertyDefaultsPostProcessor - For additional web related logging consider setting the 'logging.level.web' property to 'DEBUG'
2025-12-15 01:17:24 [restartedMain] INFO  o.s.d.r.c.RepositoryConfigurationDelegate - Bootstrapping Spring Data JPA repositories in DEFAULT mode.
2025-12-15 01:17:24 [restartedMain] INFO  o.s.d.r.c.RepositoryConfigurationDelegate - Finished Spring Data repository scanning in 46 ms. Found 6 JPA repository interfaces.
2025-12-15 01:17:24 [restartedMain] INFO  o.s.b.w.e.tomcat.TomcatWebServer - Tomcat initialized with port 8080 (http)
2025-12-15 01:17:24 [restartedMain] INFO  o.a.catalina.core.StandardService - Starting service [Tomcat]
2025-12-15 01:17:24 [restartedMain] INFO  o.a.catalina.core.StandardEngine - Starting Servlet engine: [Apache Tomcat/10.1.48]
2025-12-15 01:17:24 [restartedMain] INFO  o.a.c.c.C.[Tomcat].[localhost].[/] - Initializing Spring embedded WebApplicationContext
2025-12-15 01:17:24 [restartedMain] INFO  o.s.b.w.s.c.ServletWebServerApplicationContext - Root WebApplicationContext: initialization completed in 1072 ms
2025-12-15 01:17:25 [restartedMain] INFO  o.h.jpa.internal.util.LogHelper - HHH000204: Processing PersistenceUnitInfo [name: default]
2025-12-15 01:17:25 [restartedMain] INFO  org.hibernate.Version - HHH000412: Hibernate ORM core version 6.6.33.Final
2025-12-15 01:17:25 [restartedMain] INFO  o.h.c.i.RegionFactoryInitiator - HHH000026: Second-level cache disabled
2025-12-15 01:17:25 [restartedMain] INFO  o.s.o.j.p.SpringPersistenceUnitInfo - No LoadTimeWeaver setup: ignoring JPA class transformer
2025-12-15 01:17:25 [restartedMain] INFO  com.zaxxer.hikari.HikariDataSource - HikariPool-1 - Starting...
2025-12-15 01:17:25 [restartedMain] WARN  c.z.hikari.util.DriverDataSource - Registered driver with driverClassName=oracle.jdbc.driver.OracleDriver was not found, trying direct instantiation.
2025-12-15 01:17:26 [restartedMain] INFO  com.zaxxer.hikari.pool.HikariPool - HikariPool-1 - Added connection oracle.jdbc.driver.T4CConnection@6e4b4463
2025-12-15 01:17:26 [restartedMain] INFO  com.zaxxer.hikari.HikariDataSource - HikariPool-1 - Start completed.
2025-12-15 01:17:26 [restartedMain] WARN  org.hibernate.orm.deprecation - HHH90000025: OracleDialect does not need to be specified explicitly using 'hibernate.dialect' (remove the property setting and it will be selected by default)
2025-12-15 01:17:26 [restartedMain] INFO  o.hibernate.orm.connections.pooling - HHH10001005: Database info:
	Database JDBC URL [Connecting through datasource 'HikariDataSource (HikariPool-1)']
	Database driver: undefined/unknown
	Database version: 19.29
	Autocommit mode: undefined/unknown
	Isolation level: undefined/unknown
	Minimum pool size: undefined/unknown
	Maximum pool size: undefined/unknown
2025-12-15 01:17:26 [restartedMain] INFO  o.h.e.t.j.p.i.JtaPlatformInitiator - HHH000489: No JTA platform available (set 'hibernate.transaction.jta.platform' to enable JTA platform integration)
2025-12-15 01:17:26 [restartedMain] INFO  o.s.o.j.LocalContainerEntityManagerFactoryBean - Initialized JPA EntityManagerFactory for persistence unit 'default'
2025-12-15 01:17:27 [restartedMain] WARN  o.s.b.w.s.c.AnnotationConfigServletWebServerApplicationContext - Exception encountered during context initialization - cancelling refresh attempt: org.springframework.beans.factory.UnsatisfiedDependencyException: Error creating bean with name 'analysisController': Unsatisfied dependency expressed through field 'analysisRequestService': Error creating bean with name 'analysisRequestServiceImpl' defined in file [C:\Users\pc\Developer\Duoc\Fullstack_3\analysis-ms\analysisms\target\classes\cl\duoc\analysisms\service\AnalysisRequestServiceImpl.class]: Unsatisfied dependency expressed through constructor parameter 0: Error creating bean with name 'analysisRequestRepository' defined in cl.duoc.analysisms.repository.AnalysisRequestRepository defined in @EnableJpaRepositories declared on JpaRepositoriesRegistrar.EnableJpaRepositoriesConfiguration: Could not create query for public abstract java.util.List cl.duoc.analysisms.repository.AnalysisRequestRepository.findByUserId(java.lang.Long); Reason: Failed to create query for method public abstract java.util.List cl.duoc.analysisms.repository.AnalysisRequestRepository.findByUserId(java.lang.Long); No property 'id' found for type 'User'; Traversed path: AnalysisRequest.user
2025-12-15 01:17:27 [restartedMain] INFO  o.s.o.j.LocalContainerEntityManagerFactoryBean - Closing JPA EntityManagerFactory for persistence unit 'default'
2025-12-15 01:17:27 [restartedMain] INFO  com.zaxxer.hikari.HikariDataSource - HikariPool-1 - Shutdown initiated...
2025-12-15 01:17:27 [restartedMain] INFO  com.zaxxer.hikari.HikariDataSource - HikariPool-1 - Shutdown completed.
2025-12-15 01:17:27 [restartedMain] INFO  o.a.catalina.core.StandardService - Stopping service [Tomcat]
2025-12-15 01:17:27 [restartedMain] INFO  o.s.b.a.l.ConditionEvaluationReportLogger - 

Error starting ApplicationContext. To display the condition evaluation report re-run your application with 'debug' enabled.
2025-12-15 01:17:27 [restartedMain] ERROR o.s.boot.SpringApplication - Application run failed
org.springframework.beans.factory.UnsatisfiedDependencyException: Error creating bean with name 'analysisController': Unsatisfied dependency expressed through field 'analysisRequestService': Error creating bean with name 'analysisRequestServiceImpl' defined in file [C:\Users\pc\Developer\Duoc\Fullstack_3\analysis-ms\analysisms\target\classes\cl\duoc\analysisms\service\AnalysisRequestServiceImpl.class]: Unsatisfied dependency expressed through constructor parameter 0: Error creating bean with name 'analysisRequestRepository' defined in cl.duoc.analysisms.repository.AnalysisRequestRepository defined in @EnableJpaRepositories declared on JpaRepositoriesRegistrar.EnableJpaRepositoriesConfiguration: Could not create query for public abstract java.util.List cl.duoc.analysisms.repository.AnalysisRequestRepository.findByUserId(java.lang.Long); Reason: Failed to create query for method public abstract java.util.List cl.duoc.analysisms.repository.AnalysisRequestRepository.findByUserId(java.lang.Long); No property 'id' found for type 'User'; Traversed path: AnalysisRequest.user
	at org.springframework.beans.factory.annotation.AutowiredAnnotationBeanPostProcessor$AutowiredFieldElement.resolveFieldValue(AutowiredAnnotationBeanPostProcessor.java:788)
	at org.springframework.beans.factory.annotation.AutowiredAnnotationBeanPostProcessor$AutowiredFieldElement.inject(AutowiredAnnotationBeanPostProcessor.java:768)
	at org.springframework.beans.factory.annotation.InjectionMetadata.inject(InjectionMetadata.java:146)
	at org.springframework.beans.factory.annotation.AutowiredAnnotationBeanPostProcessor.postProcessProperties(AutowiredAnnotationBeanPostProcessor.java:509)
	at org.springframework.beans.factory.support.AbstractAutowireCapableBeanFactory.populateBean(AbstractAutowireCapableBeanFactory.java:1459)
	at org.springframework.beans.factory.support.AbstractAutowireCapableBeanFactory.doCreateBean(AbstractAutowireCapableBeanFactory.java:606)
	at org.springframework.beans.factory.support.AbstractAutowireCapableBeanFactory.createBean(AbstractAutowireCapableBeanFactory.java:529)
	at org.springframework.beans.factory.support.AbstractBeanFactory.lambda$doGetBean$0(AbstractBeanFactory.java:339)
	at org.springframework.beans.factory.support.DefaultSingletonBeanRegistry.getSingleton(DefaultSingletonBeanRegistry.java:373)
	at org.springframework.beans.factory.support.AbstractBeanFactory.doGetBean(AbstractBeanFactory.java:337)
	at org.springframework.beans.factory.support.AbstractBeanFactory.getBean(AbstractBeanFactory.java:202)
	at org.springframework.beans.factory.support.DefaultListableBeanFactory.instantiateSingleton(DefaultListableBeanFactory.java:1228)
	at org.springframework.beans.factory.support.DefaultListableBeanFactory.preInstantiateSingleton(DefaultListableBeanFactory.java:1194)
	at org.springframework.beans.factory.support.DefaultListableBeanFactory.preInstantiateSingletons(DefaultListableBeanFactory.java:1130)
	at org.springframework.context.support.AbstractApplicationContext.finishBeanFactoryInitialization(AbstractApplicationContext.java:990)
	at org.springframework.context.support.AbstractApplicationContext.refresh(AbstractApplicationContext.java:627)
	at org.springframework.boot.web.servlet.context.ServletWebServerApplicationContext.refresh(ServletWebServerApplicationContext.java:146)
	at org.springframework.boot.SpringApplication.refresh(SpringApplication.java:752)
	at org.springframework.boot.SpringApplication.refreshContext(SpringApplication.java:439)
	at org.springframework.boot.SpringApplication.run(SpringApplication.java:318)
	at org.springframework.boot.SpringApplication.run(SpringApplication.java:1361)
	at org.springframework.boot.SpringApplication.run(SpringApplication.java:1350)
	at cl.duoc.analysisms.AnalysismsApplication.main(AnalysismsApplication.java:10)
	at java.base/jdk.internal.reflect.DirectMethodHandleAccessor.invoke(DirectMethodHandleAccessor.java:103)
	at java.base/java.lang.reflect.Method.invoke(Method.java:580)
	at org.springframework.boot.devtools.restart.RestartLauncher.run(RestartLauncher.java:50)
Caused by: org.springframework.beans.factory.UnsatisfiedDependencyException: Error creating bean with name 'analysisRequestServiceImpl' defined in file [C:\Users\pc\Developer\Duoc\Fullstack_3\analysis-ms\analysisms\target\classes\cl\duoc\analysisms\service\AnalysisRequestServiceImpl.class]: Unsatisfied dependency expressed through constructor parameter 0: Error creating bean with name 'analysisRequestRepository' defined in cl.duoc.analysisms.repository.AnalysisRequestRepository defined in @EnableJpaRepositories declared on JpaRepositoriesRegistrar.EnableJpaRepositoriesConfiguration: Could not create query for public abstract java.util.List cl.duoc.analysisms.repository.AnalysisRequestRepository.findByUserId(java.lang.Long); Reason: Failed to create query for method public abstract java.util.List cl.duoc.analysisms.repository.AnalysisRequestRepository.findByUserId(java.lang.Long); No property 'id' found for type 'User'; Traversed path: AnalysisRequest.user
	at org.springframework.beans.factory.support.ConstructorResolver.createArgumentArray(ConstructorResolver.java:804)
	at org.springframework.beans.factory.support.ConstructorResolver.autowireConstructor(ConstructorResolver.java:240)
	at org.springframework.beans.factory.support.AbstractAutowireCapableBeanFactory.autowireConstructor(AbstractAutowireCapableBeanFactory.java:1395)
	at org.springframework.beans.factory.support.AbstractAutowireCapableBeanFactory.createBeanInstance(AbstractAutowireCapableBeanFactory.java:1232)
	at org.springframework.beans.factory.support.AbstractAutowireCapableBeanFactory.doCreateBean(AbstractAutowireCapableBeanFactory.java:569)
	at org.springframework.beans.factory.support.AbstractAutowireCapableBeanFactory.createBean(AbstractAutowireCapableBeanFactory.java:529)
	at org.springframework.beans.factory.support.AbstractBeanFactory.lambda$doGetBean$0(AbstractBeanFactory.java:339)
	at org.springframework.beans.factory.support.DefaultSingletonBeanRegistry.getSingleton(DefaultSingletonBeanRegistry.java:373)
	at org.springframework.beans.factory.support.AbstractBeanFactory.doGetBean(AbstractBeanFactory.java:337)
	at org.springframework.beans.factory.support.AbstractBeanFactory.getBean(AbstractBeanFactory.java:202)
	at org.springframework.beans.factory.config.DependencyDescriptor.resolveCandidate(DependencyDescriptor.java:254)
	at org.springframework.beans.factory.support.DefaultListableBeanFactory.doResolveDependency(DefaultListableBeanFactory.java:1770)
	at org.springframework.beans.factory.support.DefaultListableBeanFactory.resolveDependency(DefaultListableBeanFactory.java:1653)
	at org.springframework.beans.factory.annotation.AutowiredAnnotationBeanPostProcessor$AutowiredFieldElement.resolveFieldValue(AutowiredAnnotationBeanPostProcessor.java:785)
	... 25 common frames omitted
Caused by: org.springframework.beans.factory.BeanCreationException: Error creating bean with name 'analysisRequestRepository' defined in cl.duoc.analysisms.repository.AnalysisRequestRepository defined in @EnableJpaRepositories declared on JpaRepositoriesRegistrar.EnableJpaRepositoriesConfiguration: Could not create query for public abstract java.util.List cl.duoc.analysisms.repository.AnalysisRequestRepository.findByUserId(java.lang.Long); Reason: Failed to create query for method public abstract java.util.List cl.duoc.analysisms.repository.AnalysisRequestRepository.findByUserId(java.lang.Long); No property 'id' found for type 'User'; Traversed path: AnalysisRequest.user
	at org.springframework.beans.factory.support.AbstractAutowireCapableBeanFactory.initializeBean(AbstractAutowireCapableBeanFactory.java:1826)
	at org.springframework.beans.factory.support.AbstractAutowireCapableBeanFactory.doCreateBean(AbstractAutowireCapableBeanFactory.java:607)
	at org.springframework.beans.factory.support.AbstractAutowireCapableBeanFactory.createBean(AbstractAutowireCapableBeanFactory.java:529)
	at org.springframework.beans.factory.support.AbstractBeanFactory.lambda$doGetBean$0(AbstractBeanFactory.java:339)
	at org.springframework.beans.factory.support.DefaultSingletonBeanRegistry.getSingleton(DefaultSingletonBeanRegistry.java:373)
	at org.springframework.beans.factory.support.AbstractBeanFactory.doGetBean(AbstractBeanFactory.java:337)
	at org.springframework.beans.factory.support.AbstractBeanFactory.getBean(AbstractBeanFactory.java:202)
	at org.springframework.beans.factory.support.DefaultListableBeanFactory.doResolveDependency(DefaultListableBeanFactory.java:1708)
	at org.springframework.beans.factory.support.DefaultListableBeanFactory.resolveDependency(DefaultListableBeanFactory.java:1653)
	at org.springframework.beans.factory.support.ConstructorResolver.resolveAutowiredArgument(ConstructorResolver.java:913)
	at org.springframework.beans.factory.support.ConstructorResolver.createArgumentArray(ConstructorResolver.java:791)
	... 38 common frames omitted
Caused by: org.springframework.data.repository.query.QueryCreationException: Could not create query for public abstract java.util.List cl.duoc.analysisms.repository.AnalysisRequestRepository.findByUserId(java.lang.Long); Reason: Failed to create query for method public abstract java.util.List cl.duoc.analysisms.repository.AnalysisRequestRepository.findByUserId(java.lang.Long); No property 'id' found for type 'User'; Traversed path: AnalysisRequest.user
	at org.springframework.data.repository.query.QueryCreationException.create(QueryCreationException.java:101)
	at org.springframework.data.repository.core.support.QueryExecutorMethodInterceptor.lookupQuery(QueryExecutorMethodInterceptor.java:120)
	at org.springframework.data.repository.core.support.QueryExecutorMethodInterceptor.mapMethodsToQuery(QueryExecutorMethodInterceptor.java:104)
	at org.springframework.data.repository.core.support.QueryExecutorMethodInterceptor.lambda$new$0(QueryExecutorMethodInterceptor.java:92)
	at java.base/java.util.Optional.map(Optional.java:260)
	at org.springframework.data.repository.core.support.QueryExecutorMethodInterceptor.<init>(QueryExecutorMethodInterceptor.java:92)
	at org.springframework.data.repository.core.support.RepositoryFactorySupport.getRepository(RepositoryFactorySupport.java:434)
	at org.springframework.data.repository.core.support.RepositoryFactoryBeanSupport.lambda$afterPropertiesSet$4(RepositoryFactoryBeanSupport.java:350)
	at org.springframework.data.util.Lazy.getNullable(Lazy.java:135)
	at org.springframework.data.util.Lazy.get(Lazy.java:113)
	at org.springframework.data.repository.core.support.RepositoryFactoryBeanSupport.afterPropertiesSet(RepositoryFactoryBeanSupport.java:356)
	at org.springframework.data.jpa.repository.support.JpaRepositoryFactoryBean.afterPropertiesSet(JpaRepositoryFactoryBean.java:132)
	at org.springframework.beans.factory.support.AbstractAutowireCapableBeanFactory.invokeInitMethods(AbstractAutowireCapableBeanFactory.java:1873)
	at org.springframework.beans.factory.support.AbstractAutowireCapableBeanFactory.initializeBean(AbstractAutowireCapableBeanFactory.java:1822)
	... 48 common frames omitted
Caused by: java.lang.IllegalArgumentException: Failed to create query for method public abstract java.util.List cl.duoc.analysisms.repository.AnalysisRequestRepository.findByUserId(java.lang.Long); No property 'id' found for type 'User'; Traversed path: AnalysisRequest.user
	at org.springframework.data.jpa.repository.query.PartTreeJpaQuery.<init>(PartTreeJpaQuery.java:107)
	at org.springframework.data.jpa.repository.query.JpaQueryLookupStrategy$CreateQueryLookupStrategy.resolveQuery(JpaQueryLookupStrategy.java:128)
	at org.springframework.data.jpa.repository.query.JpaQueryLookupStrategy$CreateIfNotFoundQueryLookupStrategy.resolveQuery(JpaQueryLookupStrategy.java:260)
	at org.springframework.data.jpa.repository.query.JpaQueryLookupStrategy$AbstractQueryLookupStrategy.resolveQuery(JpaQueryLookupStrategy.java:99)
	at org.springframework.data.repository.core.support.QueryExecutorMethodInterceptor.lookupQuery(QueryExecutorMethodInterceptor.java:116)
	... 60 common frames omitted
Caused by: org.springframework.data.mapping.PropertyReferenceException: No property 'id' found for type 'User'; Traversed path: AnalysisRequest.user
	at org.springframework.data.mapping.PropertyPath.<init>(PropertyPath.java:94)
	at org.springframework.data.mapping.PropertyPath.create(PropertyPath.java:455)
	at org.springframework.data.mapping.PropertyPath.create(PropertyPath.java:431)
	at org.springframework.data.mapping.PropertyPath.create(PropertyPath.java:465)
	at org.springframework.data.mapping.PropertyPath.create(PropertyPath.java:488)
	at org.springframework.data.mapping.PropertyPath.create(PropertyPath.java:431)
	at org.springframework.data.mapping.PropertyPath.lambda$from$0(PropertyPath.java:384)
	at java.base/java.util.concurrent.ConcurrentMap.computeIfAbsent(ConcurrentMap.java:330)
	at org.springframework.data.mapping.PropertyPath.from(PropertyPath.java:366)
	at org.springframework.data.mapping.PropertyPath.from(PropertyPath.java:344)
	at org.springframework.data.repository.query.parser.Part.<init>(Part.java:81)
	at org.springframework.data.repository.query.parser.PartTree$OrPart.lambda$new$0(PartTree.java:259)
	at java.base/java.util.stream.ReferencePipeline$3$1.accept(ReferencePipeline.java:197)
	at java.base/java.util.stream.ReferencePipeline$2$1.accept(ReferencePipeline.java:179)
	at java.base/java.util.Spliterators$ArraySpliterator.forEachRemaining(Spliterators.java:1024)
	at java.base/java.util.stream.AbstractPipeline.copyInto(AbstractPipeline.java:509)
	at java.base/java.util.stream.AbstractPipeline.wrapAndCopyInto(AbstractPipeline.java:499)
	at java.base/java.util.stream.ReduceOps$ReduceOp.evaluateSequential(ReduceOps.java:921)
	at java.base/java.util.stream.AbstractPipeline.evaluate(AbstractPipeline.java:234)
	at java.base/java.util.stream.ReferencePipeline.collect(ReferencePipeline.java:682)
	at org.springframework.data.repository.query.parser.PartTree$OrPart.<init>(PartTree.java:260)
	at org.springframework.data.repository.query.parser.PartTree$Predicate.lambda$new$0(PartTree.java:389)
	at java.base/java.util.stream.ReferencePipeline$3$1.accept(ReferencePipeline.java:197)
	at java.base/java.util.stream.ReferencePipeline$2$1.accept(ReferencePipeline.java:179)
	at java.base/java.util.Spliterators$ArraySpliterator.forEachRemaining(Spliterators.java:1024)
	at java.base/java.util.stream.AbstractPipeline.copyInto(AbstractPipeline.java:509)
	at java.base/java.util.stream.AbstractPipeline.wrapAndCopyInto(AbstractPipeline.java:499)
	at java.base/java.util.stream.ReduceOps$ReduceOp.evaluateSequential(ReduceOps.java:921)
	at java.base/java.util.stream.AbstractPipeline.evaluate(AbstractPipeline.java:234)
	at java.base/java.util.stream.ReferencePipeline.collect(ReferencePipeline.java:682)
	at org.springframework.data.repository.query.parser.PartTree$Predicate.<init>(PartTree.java:390)
	at org.springframework.data.repository.query.parser.PartTree.<init>(PartTree.java:103)
	at org.springframework.data.jpa.repository.query.PartTreeJpaQuery.<init>(PartTreeJpaQuery.java:101)
	... 64 common frames omitted
2025-12-15 01:17:48 [restartedMain] INFO  c.d.analysisms.AnalysismsApplication - Starting AnalysismsApplication using Java 21.0.9 with PID 273612 (C:\Users\pc\Developer\Duoc\Fullstack_3\analysis-ms\analysisms\target\classes started by pc in C:\Users\pc\Developer\Duoc\Fullstack_3\analysis-ms\analysisms)
2025-12-15 01:17:48 [restartedMain] DEBUG c.d.analysisms.AnalysismsApplication - Running with Spring Boot v3.5.7, Spring v6.2.12
2025-12-15 01:17:48 [restartedMain] INFO  c.d.analysisms.AnalysismsApplication - No active profile set, falling back to 1 default profile: "default"
2025-12-15 01:17:48 [restartedMain] INFO  o.s.b.d.restart.ChangeableUrls - The Class-Path manifest attribute in C:\Users\pc\.m2\repository\com\oracle\database\jdbc\ojdbc11\23.7.0.25.01\ojdbc11-23.7.0.25.01.jar referenced one or more files that do not exist: file:/C:/Users/pc/.m2/repository/com/oracle/database/jdbc/ojdbc11/23.7.0.25.01/oraclepki.jar
2025-12-15 01:17:48 [restartedMain] INFO  o.s.b.d.restart.ChangeableUrls - The Class-Path manifest attribute in C:\Users\pc\.m2\repository\com\oracle\database\security\oraclepki\21.5.0.0\oraclepki-21.5.0.0.jar referenced one or more files that do not exist: file:/C:/Users/pc/.m2/repository/com/oracle/database/security/oraclepki/21.5.0.0/osdt_core.jar,file:/C:/Users/pc/.m2/repository/com/oracle/database/security/oraclepki/21.5.0.0/osdt_cert.jar,file:/C:/Users/pc/.m2/repository/com/oracle/database/security/oraclepki/oracle.osdt/osdt_core.jar,file:/C:/Users/pc/.m2/repository/com/oracle/database/security/oraclepki/oracle.osdt/osdt_cert.jar
2025-12-15 01:17:48 [restartedMain] INFO  o.s.b.d.e.DevToolsPropertyDefaultsPostProcessor - Devtools property defaults active! Set 'spring.devtools.add-properties' to 'false' to disable
2025-12-15 01:17:48 [restartedMain] INFO  o.s.b.d.e.DevToolsPropertyDefaultsPostProcessor - For additional web related logging consider setting the 'logging.level.web' property to 'DEBUG'
2025-12-15 01:17:48 [restartedMain] INFO  o.s.d.r.c.RepositoryConfigurationDelegate - Bootstrapping Spring Data JPA repositories in DEFAULT mode.
2025-12-15 01:17:48 [restartedMain] INFO  o.s.d.r.c.RepositoryConfigurationDelegate - Finished Spring Data repository scanning in 43 ms. Found 6 JPA repository interfaces.
2025-12-15 01:17:49 [restartedMain] INFO  o.s.b.w.e.tomcat.TomcatWebServer - Tomcat initialized with port 8080 (http)
2025-12-15 01:17:49 [restartedMain] INFO  o.a.catalina.core.StandardService - Starting service [Tomcat]
2025-12-15 01:17:49 [restartedMain] INFO  o.a.catalina.core.StandardEngine - Starting Servlet engine: [Apache Tomcat/10.1.48]
2025-12-15 01:17:49 [restartedMain] INFO  o.a.c.c.C.[Tomcat].[localhost].[/] - Initializing Spring embedded WebApplicationContext
2025-12-15 01:17:49 [restartedMain] INFO  o.s.b.w.s.c.ServletWebServerApplicationContext - Root WebApplicationContext: initialization completed in 1131 ms
2025-12-15 01:17:49 [restartedMain] INFO  o.h.jpa.internal.util.LogHelper - HHH000204: Processing PersistenceUnitInfo [name: default]
2025-12-15 01:17:49 [restartedMain] INFO  org.hibernate.Version - HHH000412: Hibernate ORM core version 6.6.33.Final
2025-12-15 01:17:49 [restartedMain] INFO  o.h.c.i.RegionFactoryInitiator - HHH000026: Second-level cache disabled
2025-12-15 01:17:50 [restartedMain] INFO  o.s.o.j.p.SpringPersistenceUnitInfo - No LoadTimeWeaver setup: ignoring JPA class transformer
2025-12-15 01:17:50 [restartedMain] INFO  com.zaxxer.hikari.HikariDataSource - HikariPool-1 - Starting...
2025-12-15 01:17:50 [restartedMain] WARN  c.z.hikari.util.DriverDataSource - Registered driver with driverClassName=oracle.jdbc.driver.OracleDriver was not found, trying direct instantiation.
2025-12-15 01:17:50 [restartedMain] INFO  com.zaxxer.hikari.pool.HikariPool - HikariPool-1 - Added connection oracle.jdbc.driver.T4CConnection@e21ccdc
2025-12-15 01:17:50 [restartedMain] INFO  com.zaxxer.hikari.HikariDataSource - HikariPool-1 - Start completed.
2025-12-15 01:17:50 [restartedMain] WARN  org.hibernate.orm.deprecation - HHH90000025: OracleDialect does not need to be specified explicitly using 'hibernate.dialect' (remove the property setting and it will be selected by default)
2025-12-15 01:17:50 [restartedMain] INFO  o.hibernate.orm.connections.pooling - HHH10001005: Database info:
	Database JDBC URL [Connecting through datasource 'HikariDataSource (HikariPool-1)']
	Database driver: undefined/unknown
	Database version: 19.29
	Autocommit mode: undefined/unknown
	Isolation level: undefined/unknown
	Minimum pool size: undefined/unknown
	Maximum pool size: undefined/unknown
2025-12-15 01:17:51 [restartedMain] INFO  o.h.e.t.j.p.i.JtaPlatformInitiator - HHH000489: No JTA platform available (set 'hibernate.transaction.jta.platform' to enable JTA platform integration)
2025-12-15 01:17:51 [restartedMain] INFO  o.s.o.j.LocalContainerEntityManagerFactoryBean - Initialized JPA EntityManagerFactory for persistence unit 'default'
2025-12-15 01:17:52 [restartedMain] WARN  o.s.b.a.o.j.JpaBaseConfiguration$JpaWebConfiguration - spring.jpa.open-in-view is enabled by default. Therefore, database queries may be performed during view rendering. Explicitly configure spring.jpa.open-in-view to disable this warning
2025-12-15 01:17:52 [restartedMain] WARN  o.s.b.w.s.c.AnnotationConfigServletWebServerApplicationContext - Exception encountered during context initialization - cancelling refresh attempt: org.springframework.beans.factory.BeanCreationException: Error creating bean with name 'resultDetailRepository' defined in cl.duoc.analysisms.repository.ResultDetailRepository defined in @EnableJpaRepositories declared on JpaRepositoriesRegistrar.EnableJpaRepositoriesConfiguration: Could not create query for public abstract java.util.List cl.duoc.analysisms.repository.ResultDetailRepository.findByAnalysisTypeId(java.lang.Long); Reason: Failed to create query for method public abstract java.util.List cl.duoc.analysisms.repository.ResultDetailRepository.findByAnalysisTypeId(java.lang.Long); No property 'id' found for type 'AnalysisType'; Traversed path: ResultDetail.analysisType
2025-12-15 01:17:52 [restartedMain] INFO  o.s.o.j.LocalContainerEntityManagerFactoryBean - Closing JPA EntityManagerFactory for persistence unit 'default'
2025-12-15 01:17:52 [restartedMain] INFO  com.zaxxer.hikari.HikariDataSource - HikariPool-1 - Shutdown initiated...
2025-12-15 01:17:52 [restartedMain] INFO  com.zaxxer.hikari.HikariDataSource - HikariPool-1 - Shutdown completed.
2025-12-15 01:17:52 [restartedMain] INFO  o.a.catalina.core.StandardService - Stopping service [Tomcat]
2025-12-15 01:17:52 [restartedMain] INFO  o.s.b.a.l.ConditionEvaluationReportLogger - 

Error starting ApplicationContext. To display the condition evaluation report re-run your application with 'debug' enabled.
2025-12-15 01:17:52 [restartedMain] ERROR o.s.boot.SpringApplication - Application run failed
org.springframework.beans.factory.BeanCreationException: Error creating bean with name 'resultDetailRepository' defined in cl.duoc.analysisms.repository.ResultDetailRepository defined in @EnableJpaRepositories declared on JpaRepositoriesRegistrar.EnableJpaRepositoriesConfiguration: Could not create query for public abstract java.util.List cl.duoc.analysisms.repository.ResultDetailRepository.findByAnalysisTypeId(java.lang.Long); Reason: Failed to create query for method public abstract java.util.List cl.duoc.analysisms.repository.ResultDetailRepository.findByAnalysisTypeId(java.lang.Long); No property 'id' found for type 'AnalysisType'; Traversed path: ResultDetail.analysisType
	at org.springframework.beans.factory.support.AbstractAutowireCapableBeanFactory.initializeBean(AbstractAutowireCapableBeanFactory.java:1826)
	at org.springframework.beans.factory.support.AbstractAutowireCapableBeanFactory.doCreateBean(AbstractAutowireCapableBeanFactory.java:607)
	at org.springframework.beans.factory.support.AbstractAutowireCapableBeanFactory.createBean(AbstractAutowireCapableBeanFactory.java:529)
	at org.springframework.beans.factory.support.AbstractBeanFactory.lambda$doGetBean$0(AbstractBeanFactory.java:339)
	at org.springframework.beans.factory.support.DefaultSingletonBeanRegistry.getSingleton(DefaultSingletonBeanRegistry.java:373)
	at org.springframework.beans.factory.support.AbstractBeanFactory.doGetBean(AbstractBeanFactory.java:337)
	at org.springframework.beans.factory.support.AbstractBeanFactory.getBean(AbstractBeanFactory.java:202)
	at org.springframework.beans.factory.support.DefaultListableBeanFactory.instantiateSingleton(DefaultListableBeanFactory.java:1222)
	at org.springframework.beans.factory.support.DefaultListableBeanFactory.preInstantiateSingleton(DefaultListableBeanFactory.java:1194)
	at org.springframework.beans.factory.support.DefaultListableBeanFactory.preInstantiateSingletons(DefaultListableBeanFactory.java:1130)
	at org.springframework.context.support.AbstractApplicationContext.finishBeanFactoryInitialization(AbstractApplicationContext.java:990)
	at org.springframework.context.support.AbstractApplicationContext.refresh(AbstractApplicationContext.java:627)
	at org.springframework.boot.web.servlet.context.ServletWebServerApplicationContext.refresh(ServletWebServerApplicationContext.java:146)
	at org.springframework.boot.SpringApplication.refresh(SpringApplication.java:752)
	at org.springframework.boot.SpringApplication.refreshContext(SpringApplication.java:439)
	at org.springframework.boot.SpringApplication.run(SpringApplication.java:318)
	at org.springframework.boot.SpringApplication.run(SpringApplication.java:1361)
	at org.springframework.boot.SpringApplication.run(SpringApplication.java:1350)
	at cl.duoc.analysisms.AnalysismsApplication.main(AnalysismsApplication.java:10)
	at java.base/jdk.internal.reflect.DirectMethodHandleAccessor.invoke(DirectMethodHandleAccessor.java:103)
	at java.base/java.lang.reflect.Method.invoke(Method.java:580)
	at org.springframework.boot.devtools.restart.RestartLauncher.run(RestartLauncher.java:50)
Caused by: org.springframework.data.repository.query.QueryCreationException: Could not create query for public abstract java.util.List cl.duoc.analysisms.repository.ResultDetailRepository.findByAnalysisTypeId(java.lang.Long); Reason: Failed to create query for method public abstract java.util.List cl.duoc.analysisms.repository.ResultDetailRepository.findByAnalysisTypeId(java.lang.Long); No property 'id' found for type 'AnalysisType'; Traversed path: ResultDetail.analysisType
	at org.springframework.data.repository.query.QueryCreationException.create(QueryCreationException.java:101)
	at org.springframework.data.repository.core.support.QueryExecutorMethodInterceptor.lookupQuery(QueryExecutorMethodInterceptor.java:120)
	at org.springframework.data.repository.core.support.QueryExecutorMethodInterceptor.mapMethodsToQuery(QueryExecutorMethodInterceptor.java:104)
	at org.springframework.data.repository.core.support.QueryExecutorMethodInterceptor.lambda$new$0(QueryExecutorMethodInterceptor.java:92)
	at java.base/java.util.Optional.map(Optional.java:260)
	at org.springframework.data.repository.core.support.QueryExecutorMethodInterceptor.<init>(QueryExecutorMethodInterceptor.java:92)
	at org.springframework.data.repository.core.support.RepositoryFactorySupport.getRepository(RepositoryFactorySupport.java:434)
	at org.springframework.data.repository.core.support.RepositoryFactoryBeanSupport.lambda$afterPropertiesSet$4(RepositoryFactoryBeanSupport.java:350)
	at org.springframework.data.util.Lazy.getNullable(Lazy.java:135)
	at org.springframework.data.util.Lazy.get(Lazy.java:113)
	at org.springframework.data.repository.core.support.RepositoryFactoryBeanSupport.afterPropertiesSet(RepositoryFactoryBeanSupport.java:356)
	at org.springframework.data.jpa.repository.support.JpaRepositoryFactoryBean.afterPropertiesSet(JpaRepositoryFactoryBean.java:132)
	at org.springframework.beans.factory.support.AbstractAutowireCapableBeanFactory.invokeInitMethods(AbstractAutowireCapableBeanFactory.java:1873)
	at org.springframework.beans.factory.support.AbstractAutowireCapableBeanFactory.initializeBean(AbstractAutowireCapableBeanFactory.java:1822)
	... 21 common frames omitted
Caused by: java.lang.IllegalArgumentException: Failed to create query for method public abstract java.util.List cl.duoc.analysisms.repository.ResultDetailRepository.findByAnalysisTypeId(java.lang.Long); No property 'id' found for type 'AnalysisType'; Traversed path: ResultDetail.analysisType
	at org.springframework.data.jpa.repository.query.PartTreeJpaQuery.<init>(PartTreeJpaQuery.java:107)
	at org.springframework.data.jpa.repository.query.JpaQueryLookupStrategy$CreateQueryLookupStrategy.resolveQuery(JpaQueryLookupStrategy.java:128)
	at org.springframework.data.jpa.repository.query.JpaQueryLookupStrategy$CreateIfNotFoundQueryLookupStrategy.resolveQuery(JpaQueryLookupStrategy.java:260)
	at org.springframework.data.jpa.repository.query.JpaQueryLookupStrategy$AbstractQueryLookupStrategy.resolveQuery(JpaQueryLookupStrategy.java:99)
	at org.springframework.data.repository.core.support.QueryExecutorMethodInterceptor.lookupQuery(QueryExecutorMethodInterceptor.java:116)
	... 33 common frames omitted
Caused by: org.springframework.data.mapping.PropertyReferenceException: No property 'id' found for type 'AnalysisType'; Traversed path: ResultDetail.analysisType
	at org.springframework.data.mapping.PropertyPath.<init>(PropertyPath.java:94)
	at org.springframework.data.mapping.PropertyPath.create(PropertyPath.java:455)
	at org.springframework.data.mapping.PropertyPath.create(PropertyPath.java:431)
	at org.springframework.data.mapping.PropertyPath.create(PropertyPath.java:465)
	at org.springframework.data.mapping.PropertyPath.create(PropertyPath.java:488)
	at org.springframework.data.mapping.PropertyPath.create(PropertyPath.java:431)
	at org.springframework.data.mapping.PropertyPath.lambda$from$0(PropertyPath.java:384)
	at java.base/java.util.concurrent.ConcurrentMap.computeIfAbsent(ConcurrentMap.java:330)
	at org.springframework.data.mapping.PropertyPath.from(PropertyPath.java:366)
	at org.springframework.data.mapping.PropertyPath.from(PropertyPath.java:344)
	at org.springframework.data.repository.query.parser.Part.<init>(Part.java:81)
	at org.springframework.data.repository.query.parser.PartTree$OrPart.lambda$new$0(PartTree.java:259)
	at java.base/java.util.stream.ReferencePipeline$3$1.accept(ReferencePipeline.java:197)
	at java.base/java.util.stream.ReferencePipeline$2$1.accept(ReferencePipeline.java:179)
	at java.base/java.util.Spliterators$ArraySpliterator.forEachRemaining(Spliterators.java:1024)
	at java.base/java.util.stream.AbstractPipeline.copyInto(AbstractPipeline.java:509)
	at java.base/java.util.stream.AbstractPipeline.wrapAndCopyInto(AbstractPipeline.java:499)
	at java.base/java.util.stream.ReduceOps$ReduceOp.evaluateSequential(ReduceOps.java:921)
	at java.base/java.util.stream.AbstractPipeline.evaluate(AbstractPipeline.java:234)
	at java.base/java.util.stream.ReferencePipeline.collect(ReferencePipeline.java:682)
	at org.springframework.data.repository.query.parser.PartTree$OrPart.<init>(PartTree.java:260)
	at org.springframework.data.repository.query.parser.PartTree$Predicate.lambda$new$0(PartTree.java:389)
	at java.base/java.util.stream.ReferencePipeline$3$1.accept(ReferencePipeline.java:197)
	at java.base/java.util.stream.ReferencePipeline$2$1.accept(ReferencePipeline.java:179)
	at java.base/java.util.Spliterators$ArraySpliterator.forEachRemaining(Spliterators.java:1024)
	at java.base/java.util.stream.AbstractPipeline.copyInto(AbstractPipeline.java:509)
	at java.base/java.util.stream.AbstractPipeline.wrapAndCopyInto(AbstractPipeline.java:499)
	at java.base/java.util.stream.ReduceOps$ReduceOp.evaluateSequential(ReduceOps.java:921)
	at java.base/java.util.stream.AbstractPipeline.evaluate(AbstractPipeline.java:234)
	at java.base/java.util.stream.ReferencePipeline.collect(ReferencePipeline.java:682)
	at org.springframework.data.repository.query.parser.PartTree$Predicate.<init>(PartTree.java:390)
	at org.springframework.data.repository.query.parser.PartTree.<init>(PartTree.java:103)
	at org.springframework.data.jpa.repository.query.PartTreeJpaQuery.<init>(PartTreeJpaQuery.java:101)
	... 37 common frames omitted
2025-12-15 01:18:09 [restartedMain] INFO  c.d.analysisms.AnalysismsApplication - Starting AnalysismsApplication using Java 21.0.9 with PID 247080 (C:\Users\pc\Developer\Duoc\Fullstack_3\analysis-ms\analysisms\target\classes started by pc in C:\Users\pc\Developer\Duoc\Fullstack_3\analysis-ms\analysisms)
2025-12-15 01:18:09 [restartedMain] DEBUG c.d.analysisms.AnalysismsApplication - Running with Spring Boot v3.5.7, Spring v6.2.12
2025-12-15 01:18:09 [restartedMain] INFO  c.d.analysisms.AnalysismsApplication - No active profile set, falling back to 1 default profile: "default"
2025-12-15 01:18:09 [restartedMain] INFO  o.s.b.d.restart.ChangeableUrls - The Class-Path manifest attribute in C:\Users\pc\.m2\repository\com\oracle\database\jdbc\ojdbc11\23.7.0.25.01\ojdbc11-23.7.0.25.01.jar referenced one or more files that do not exist: file:/C:/Users/pc/.m2/repository/com/oracle/database/jdbc/ojdbc11/23.7.0.25.01/oraclepki.jar
2025-12-15 01:18:09 [restartedMain] INFO  o.s.b.d.restart.ChangeableUrls - The Class-Path manifest attribute in C:\Users\pc\.m2\repository\com\oracle\database\security\oraclepki\21.5.0.0\oraclepki-21.5.0.0.jar referenced one or more files that do not exist: file:/C:/Users/pc/.m2/repository/com/oracle/database/security/oraclepki/21.5.0.0/osdt_core.jar,file:/C:/Users/pc/.m2/repository/com/oracle/database/security/oraclepki/21.5.0.0/osdt_cert.jar,file:/C:/Users/pc/.m2/repository/com/oracle/database/security/oraclepki/oracle.osdt/osdt_core.jar,file:/C:/Users/pc/.m2/repository/com/oracle/database/security/oraclepki/oracle.osdt/osdt_cert.jar
2025-12-15 01:18:09 [restartedMain] INFO  o.s.b.d.e.DevToolsPropertyDefaultsPostProcessor - Devtools property defaults active! Set 'spring.devtools.add-properties' to 'false' to disable
2025-12-15 01:18:09 [restartedMain] INFO  o.s.b.d.e.DevToolsPropertyDefaultsPostProcessor - For additional web related logging consider setting the 'logging.level.web' property to 'DEBUG'
2025-12-15 01:18:09 [restartedMain] INFO  o.s.d.r.c.RepositoryConfigurationDelegate - Bootstrapping Spring Data JPA repositories in DEFAULT mode.
2025-12-15 01:18:09 [restartedMain] INFO  o.s.d.r.c.RepositoryConfigurationDelegate - Finished Spring Data repository scanning in 42 ms. Found 6 JPA repository interfaces.
2025-12-15 01:18:10 [restartedMain] INFO  o.s.b.w.e.tomcat.TomcatWebServer - Tomcat initialized with port 8080 (http)
2025-12-15 01:18:10 [restartedMain] INFO  o.a.catalina.core.StandardService - Starting service [Tomcat]
2025-12-15 01:18:10 [restartedMain] INFO  o.a.catalina.core.StandardEngine - Starting Servlet engine: [Apache Tomcat/10.1.48]
2025-12-15 01:18:10 [restartedMain] INFO  o.a.c.c.C.[Tomcat].[localhost].[/] - Initializing Spring embedded WebApplicationContext
2025-12-15 01:18:10 [restartedMain] INFO  o.s.b.w.s.c.ServletWebServerApplicationContext - Root WebApplicationContext: initialization completed in 1039 ms
2025-12-15 01:18:10 [restartedMain] INFO  o.h.jpa.internal.util.LogHelper - HHH000204: Processing PersistenceUnitInfo [name: default]
2025-12-15 01:18:10 [restartedMain] INFO  org.hibernate.Version - HHH000412: Hibernate ORM core version 6.6.33.Final
2025-12-15 01:18:10 [restartedMain] INFO  o.h.c.i.RegionFactoryInitiator - HHH000026: Second-level cache disabled
2025-12-15 01:18:10 [restartedMain] INFO  o.s.o.j.p.SpringPersistenceUnitInfo - No LoadTimeWeaver setup: ignoring JPA class transformer
2025-12-15 01:18:10 [restartedMain] INFO  com.zaxxer.hikari.HikariDataSource - HikariPool-1 - Starting...
2025-12-15 01:18:10 [restartedMain] WARN  c.z.hikari.util.DriverDataSource - Registered driver with driverClassName=oracle.jdbc.driver.OracleDriver was not found, trying direct instantiation.
2025-12-15 01:18:11 [restartedMain] INFO  com.zaxxer.hikari.pool.HikariPool - HikariPool-1 - Added connection oracle.jdbc.driver.T4CConnection@29c645ba
2025-12-15 01:18:11 [restartedMain] INFO  com.zaxxer.hikari.HikariDataSource - HikariPool-1 - Start completed.
2025-12-15 01:18:11 [restartedMain] WARN  org.hibernate.orm.deprecation - HHH90000025: OracleDialect does not need to be specified explicitly using 'hibernate.dialect' (remove the property setting and it will be selected by default)
2025-12-15 01:18:11 [restartedMain] INFO  o.hibernate.orm.connections.pooling - HHH10001005: Database info:
	Database JDBC URL [Connecting through datasource 'HikariDataSource (HikariPool-1)']
	Database driver: undefined/unknown
	Database version: 19.29
	Autocommit mode: undefined/unknown
	Isolation level: undefined/unknown
	Minimum pool size: undefined/unknown
	Maximum pool size: undefined/unknown
2025-12-15 01:18:12 [restartedMain] INFO  o.h.e.t.j.p.i.JtaPlatformInitiator - HHH000489: No JTA platform available (set 'hibernate.transaction.jta.platform' to enable JTA platform integration)
2025-12-15 01:18:12 [restartedMain] INFO  o.s.o.j.LocalContainerEntityManagerFactoryBean - Initialized JPA EntityManagerFactory for persistence unit 'default'
2025-12-15 01:18:12 [restartedMain] WARN  o.s.b.a.o.j.JpaBaseConfiguration$JpaWebConfiguration - spring.jpa.open-in-view is enabled by default. Therefore, database queries may be performed during view rendering. Explicitly configure spring.jpa.open-in-view to disable this warning
2025-12-15 01:18:13 [restartedMain] WARN  o.s.b.w.s.c.AnnotationConfigServletWebServerApplicationContext - Exception encountered during context initialization - cancelling refresh attempt: org.springframework.beans.factory.BeanCreationException: Error creating bean with name 'resultDetailRepository' defined in cl.duoc.analysisms.repository.ResultDetailRepository defined in @EnableJpaRepositories declared on JpaRepositoriesRegistrar.EnableJpaRepositoriesConfiguration: Could not create query for public abstract java.util.List cl.duoc.analysisms.repository.ResultDetailRepository.findByAnalysisRequestId(java.lang.Long); Reason: Failed to create query for method public abstract java.util.List cl.duoc.analysisms.repository.ResultDetailRepository.findByAnalysisRequestId(java.lang.Long); No property 'id' found for type 'AnalysisRequest'; Traversed path: ResultDetail.analysisRequest
2025-12-15 01:18:13 [restartedMain] INFO  o.s.o.j.LocalContainerEntityManagerFactoryBean - Closing JPA EntityManagerFactory for persistence unit 'default'
2025-12-15 01:18:13 [restartedMain] INFO  com.zaxxer.hikari.HikariDataSource - HikariPool-1 - Shutdown initiated...
2025-12-15 01:18:13 [restartedMain] INFO  com.zaxxer.hikari.HikariDataSource - HikariPool-1 - Shutdown completed.
2025-12-15 01:18:13 [restartedMain] INFO  o.a.catalina.core.StandardService - Stopping service [Tomcat]
2025-12-15 01:18:13 [restartedMain] INFO  o.s.b.a.l.ConditionEvaluationReportLogger - 

Error starting ApplicationContext. To display the condition evaluation report re-run your application with 'debug' enabled.
2025-12-15 01:18:13 [restartedMain] ERROR o.s.boot.SpringApplication - Application run failed
org.springframework.beans.factory.BeanCreationException: Error creating bean with name 'resultDetailRepository' defined in cl.duoc.analysisms.repository.ResultDetailRepository defined in @EnableJpaRepositories declared on JpaRepositoriesRegistrar.EnableJpaRepositoriesConfiguration: Could not create query for public abstract java.util.List cl.duoc.analysisms.repository.ResultDetailRepository.findByAnalysisRequestId(java.lang.Long); Reason: Failed to create query for method public abstract java.util.List cl.duoc.analysisms.repository.ResultDetailRepository.findByAnalysisRequestId(java.lang.Long); No property 'id' found for type 'AnalysisRequest'; Traversed path: ResultDetail.analysisRequest
	at org.springframework.beans.factory.support.AbstractAutowireCapableBeanFactory.initializeBean(AbstractAutowireCapableBeanFactory.java:1826)
	at org.springframework.beans.factory.support.AbstractAutowireCapableBeanFactory.doCreateBean(AbstractAutowireCapableBeanFactory.java:607)
	at org.springframework.beans.factory.support.AbstractAutowireCapableBeanFactory.createBean(AbstractAutowireCapableBeanFactory.java:529)
	at org.springframework.beans.factory.support.AbstractBeanFactory.lambda$doGetBean$0(AbstractBeanFactory.java:339)
	at org.springframework.beans.factory.support.DefaultSingletonBeanRegistry.getSingleton(DefaultSingletonBeanRegistry.java:373)
	at org.springframework.beans.factory.support.AbstractBeanFactory.doGetBean(AbstractBeanFactory.java:337)
	at org.springframework.beans.factory.support.AbstractBeanFactory.getBean(AbstractBeanFactory.java:202)
	at org.springframework.beans.factory.support.DefaultListableBeanFactory.instantiateSingleton(DefaultListableBeanFactory.java:1222)
	at org.springframework.beans.factory.support.DefaultListableBeanFactory.preInstantiateSingleton(DefaultListableBeanFactory.java:1194)
	at org.springframework.beans.factory.support.DefaultListableBeanFactory.preInstantiateSingletons(DefaultListableBeanFactory.java:1130)
	at org.springframework.context.support.AbstractApplicationContext.finishBeanFactoryInitialization(AbstractApplicationContext.java:990)
	at org.springframework.context.support.AbstractApplicationContext.refresh(AbstractApplicationContext.java:627)
	at org.springframework.boot.web.servlet.context.ServletWebServerApplicationContext.refresh(ServletWebServerApplicationContext.java:146)
	at org.springframework.boot.SpringApplication.refresh(SpringApplication.java:752)
	at org.springframework.boot.SpringApplication.refreshContext(SpringApplication.java:439)
	at org.springframework.boot.SpringApplication.run(SpringApplication.java:318)
	at org.springframework.boot.SpringApplication.run(SpringApplication.java:1361)
	at org.springframework.boot.SpringApplication.run(SpringApplication.java:1350)
	at cl.duoc.analysisms.AnalysismsApplication.main(AnalysismsApplication.java:10)
	at java.base/jdk.internal.reflect.DirectMethodHandleAccessor.invoke(DirectMethodHandleAccessor.java:103)
	at java.base/java.lang.reflect.Method.invoke(Method.java:580)
	at org.springframework.boot.devtools.restart.RestartLauncher.run(RestartLauncher.java:50)
Caused by: org.springframework.data.repository.query.QueryCreationException: Could not create query for public abstract java.util.List cl.duoc.analysisms.repository.ResultDetailRepository.findByAnalysisRequestId(java.lang.Long); Reason: Failed to create query for method public abstract java.util.List cl.duoc.analysisms.repository.ResultDetailRepository.findByAnalysisRequestId(java.lang.Long); No property 'id' found for type 'AnalysisRequest'; Traversed path: ResultDetail.analysisRequest
	at org.springframework.data.repository.query.QueryCreationException.create(QueryCreationException.java:101)
	at org.springframework.data.repository.core.support.QueryExecutorMethodInterceptor.lookupQuery(QueryExecutorMethodInterceptor.java:120)
	at org.springframework.data.repository.core.support.QueryExecutorMethodInterceptor.mapMethodsToQuery(QueryExecutorMethodInterceptor.java:104)
	at org.springframework.data.repository.core.support.QueryExecutorMethodInterceptor.lambda$new$0(QueryExecutorMethodInterceptor.java:92)
	at java.base/java.util.Optional.map(Optional.java:260)
	at org.springframework.data.repository.core.support.QueryExecutorMethodInterceptor.<init>(QueryExecutorMethodInterceptor.java:92)
	at org.springframework.data.repository.core.support.RepositoryFactorySupport.getRepository(RepositoryFactorySupport.java:434)
	at org.springframework.data.repository.core.support.RepositoryFactoryBeanSupport.lambda$afterPropertiesSet$4(RepositoryFactoryBeanSupport.java:350)
	at org.springframework.data.util.Lazy.getNullable(Lazy.java:135)
	at org.springframework.data.util.Lazy.get(Lazy.java:113)
	at org.springframework.data.repository.core.support.RepositoryFactoryBeanSupport.afterPropertiesSet(RepositoryFactoryBeanSupport.java:356)
	at org.springframework.data.jpa.repository.support.JpaRepositoryFactoryBean.afterPropertiesSet(JpaRepositoryFactoryBean.java:132)
	at org.springframework.beans.factory.support.AbstractAutowireCapableBeanFactory.invokeInitMethods(AbstractAutowireCapableBeanFactory.java:1873)
	at org.springframework.beans.factory.support.AbstractAutowireCapableBeanFactory.initializeBean(AbstractAutowireCapableBeanFactory.java:1822)
	... 21 common frames omitted
Caused by: java.lang.IllegalArgumentException: Failed to create query for method public abstract java.util.List cl.duoc.analysisms.repository.ResultDetailRepository.findByAnalysisRequestId(java.lang.Long); No property 'id' found for type 'AnalysisRequest'; Traversed path: ResultDetail.analysisRequest
	at org.springframework.data.jpa.repository.query.PartTreeJpaQuery.<init>(PartTreeJpaQuery.java:107)
	at org.springframework.data.jpa.repository.query.JpaQueryLookupStrategy$CreateQueryLookupStrategy.resolveQuery(JpaQueryLookupStrategy.java:128)
	at org.springframework.data.jpa.repository.query.JpaQueryLookupStrategy$CreateIfNotFoundQueryLookupStrategy.resolveQuery(JpaQueryLookupStrategy.java:260)
	at org.springframework.data.jpa.repository.query.JpaQueryLookupStrategy$AbstractQueryLookupStrategy.resolveQuery(JpaQueryLookupStrategy.java:99)
	at org.springframework.data.repository.core.support.QueryExecutorMethodInterceptor.lookupQuery(QueryExecutorMethodInterceptor.java:116)
	... 33 common frames omitted
Caused by: org.springframework.data.mapping.PropertyReferenceException: No property 'id' found for type 'AnalysisRequest'; Traversed path: ResultDetail.analysisRequest
	at org.springframework.data.mapping.PropertyPath.<init>(PropertyPath.java:94)
	at org.springframework.data.mapping.PropertyPath.create(PropertyPath.java:455)
	at org.springframework.data.mapping.PropertyPath.create(PropertyPath.java:431)
	at org.springframework.data.mapping.PropertyPath.create(PropertyPath.java:465)
	at org.springframework.data.mapping.PropertyPath.create(PropertyPath.java:488)
	at org.springframework.data.mapping.PropertyPath.create(PropertyPath.java:431)
	at org.springframework.data.mapping.PropertyPath.lambda$from$0(PropertyPath.java:384)
	at java.base/java.util.concurrent.ConcurrentMap.computeIfAbsent(ConcurrentMap.java:330)
	at org.springframework.data.mapping.PropertyPath.from(PropertyPath.java:366)
	at org.springframework.data.mapping.PropertyPath.from(PropertyPath.java:344)
	at org.springframework.data.repository.query.parser.Part.<init>(Part.java:81)
	at org.springframework.data.repository.query.parser.PartTree$OrPart.lambda$new$0(PartTree.java:259)
	at java.base/java.util.stream.ReferencePipeline$3$1.accept(ReferencePipeline.java:197)
	at java.base/java.util.stream.ReferencePipeline$2$1.accept(ReferencePipeline.java:179)
	at java.base/java.util.Spliterators$ArraySpliterator.forEachRemaining(Spliterators.java:1024)
	at java.base/java.util.stream.AbstractPipeline.copyInto(AbstractPipeline.java:509)
	at java.base/java.util.stream.AbstractPipeline.wrapAndCopyInto(AbstractPipeline.java:499)
	at java.base/java.util.stream.ReduceOps$ReduceOp.evaluateSequential(ReduceOps.java:921)
	at java.base/java.util.stream.AbstractPipeline.evaluate(AbstractPipeline.java:234)
	at java.base/java.util.stream.ReferencePipeline.collect(ReferencePipeline.java:682)
	at org.springframework.data.repository.query.parser.PartTree$OrPart.<init>(PartTree.java:260)
	at org.springframework.data.repository.query.parser.PartTree$Predicate.lambda$new$0(PartTree.java:389)
	at java.base/java.util.stream.ReferencePipeline$3$1.accept(ReferencePipeline.java:197)
	at java.base/java.util.stream.ReferencePipeline$2$1.accept(ReferencePipeline.java:179)
	at java.base/java.util.Spliterators$ArraySpliterator.forEachRemaining(Spliterators.java:1024)
	at java.base/java.util.stream.AbstractPipeline.copyInto(AbstractPipeline.java:509)
	at java.base/java.util.stream.AbstractPipeline.wrapAndCopyInto(AbstractPipeline.java:499)
	at java.base/java.util.stream.ReduceOps$ReduceOp.evaluateSequential(ReduceOps.java:921)
	at java.base/java.util.stream.AbstractPipeline.evaluate(AbstractPipeline.java:234)
	at java.base/java.util.stream.ReferencePipeline.collect(ReferencePipeline.java:682)
	at org.springframework.data.repository.query.parser.PartTree$Predicate.<init>(PartTree.java:390)
	at org.springframework.data.repository.query.parser.PartTree.<init>(PartTree.java:103)
	at org.springframework.data.jpa.repository.query.PartTreeJpaQuery.<init>(PartTreeJpaQuery.java:101)
	... 37 common frames omitted
2025-12-15 01:18:23 [restartedMain] INFO  c.d.analysisms.AnalysismsApplication - Starting AnalysismsApplication using Java 21.0.9 with PID 272012 (C:\Users\pc\Developer\Duoc\Fullstack_3\analysis-ms\analysisms\target\classes started by pc in C:\Users\pc\Developer\Duoc\Fullstack_3\analysis-ms\analysisms)
2025-12-15 01:18:23 [restartedMain] DEBUG c.d.analysisms.AnalysismsApplication - Running with Spring Boot v3.5.7, Spring v6.2.12
2025-12-15 01:18:23 [restartedMain] INFO  c.d.analysisms.AnalysismsApplication - No active profile set, falling back to 1 default profile: "default"
2025-12-15 01:18:23 [restartedMain] INFO  o.s.b.d.restart.ChangeableUrls - The Class-Path manifest attribute in C:\Users\pc\.m2\repository\com\oracle\database\jdbc\ojdbc11\23.7.0.25.01\ojdbc11-23.7.0.25.01.jar referenced one or more files that do not exist: file:/C:/Users/pc/.m2/repository/com/oracle/database/jdbc/ojdbc11/23.7.0.25.01/oraclepki.jar
2025-12-15 01:18:23 [restartedMain] INFO  o.s.b.d.restart.ChangeableUrls - The Class-Path manifest attribute in C:\Users\pc\.m2\repository\com\oracle\database\security\oraclepki\21.5.0.0\oraclepki-21.5.0.0.jar referenced one or more files that do not exist: file:/C:/Users/pc/.m2/repository/com/oracle/database/security/oraclepki/21.5.0.0/osdt_core.jar,file:/C:/Users/pc/.m2/repository/com/oracle/database/security/oraclepki/21.5.0.0/osdt_cert.jar,file:/C:/Users/pc/.m2/repository/com/oracle/database/security/oraclepki/oracle.osdt/osdt_core.jar,file:/C:/Users/pc/.m2/repository/com/oracle/database/security/oraclepki/oracle.osdt/osdt_cert.jar
2025-12-15 01:18:23 [restartedMain] INFO  o.s.b.d.e.DevToolsPropertyDefaultsPostProcessor - Devtools property defaults active! Set 'spring.devtools.add-properties' to 'false' to disable
2025-12-15 01:18:23 [restartedMain] INFO  o.s.b.d.e.DevToolsPropertyDefaultsPostProcessor - For additional web related logging consider setting the 'logging.level.web' property to 'DEBUG'
2025-12-15 01:18:24 [restartedMain] INFO  o.s.d.r.c.RepositoryConfigurationDelegate - Bootstrapping Spring Data JPA repositories in DEFAULT mode.
2025-12-15 01:18:24 [restartedMain] INFO  o.s.d.r.c.RepositoryConfigurationDelegate - Finished Spring Data repository scanning in 43 ms. Found 6 JPA repository interfaces.
2025-12-15 01:18:24 [restartedMain] INFO  o.s.b.w.e.tomcat.TomcatWebServer - Tomcat initialized with port 8080 (http)
2025-12-15 01:18:24 [restartedMain] INFO  o.a.catalina.core.StandardService - Starting service [Tomcat]
2025-12-15 01:18:24 [restartedMain] INFO  o.a.catalina.core.StandardEngine - Starting Servlet engine: [Apache Tomcat/10.1.48]
2025-12-15 01:18:25 [restartedMain] INFO  o.a.c.c.C.[Tomcat].[localhost].[/] - Initializing Spring embedded WebApplicationContext
2025-12-15 01:18:25 [restartedMain] INFO  o.s.b.w.s.c.ServletWebServerApplicationContext - Root WebApplicationContext: initialization completed in 1066 ms
2025-12-15 01:18:25 [restartedMain] INFO  o.h.jpa.internal.util.LogHelper - HHH000204: Processing PersistenceUnitInfo [name: default]
2025-12-15 01:18:25 [restartedMain] INFO  org.hibernate.Version - HHH000412: Hibernate ORM core version 6.6.33.Final
2025-12-15 01:18:25 [restartedMain] INFO  o.h.c.i.RegionFactoryInitiator - HHH000026: Second-level cache disabled
2025-12-15 01:18:25 [restartedMain] INFO  o.s.o.j.p.SpringPersistenceUnitInfo - No LoadTimeWeaver setup: ignoring JPA class transformer
2025-12-15 01:18:25 [restartedMain] INFO  com.zaxxer.hikari.HikariDataSource - HikariPool-1 - Starting...
2025-12-15 01:18:25 [restartedMain] WARN  c.z.hikari.util.DriverDataSource - Registered driver with driverClassName=oracle.jdbc.driver.OracleDriver was not found, trying direct instantiation.
2025-12-15 01:18:26 [restartedMain] INFO  com.zaxxer.hikari.pool.HikariPool - HikariPool-1 - Added connection oracle.jdbc.driver.T4CConnection@4df31ab1
2025-12-15 01:18:26 [restartedMain] INFO  com.zaxxer.hikari.HikariDataSource - HikariPool-1 - Start completed.
2025-12-15 01:18:26 [restartedMain] WARN  org.hibernate.orm.deprecation - HHH90000025: OracleDialect does not need to be specified explicitly using 'hibernate.dialect' (remove the property setting and it will be selected by default)
2025-12-15 01:18:26 [restartedMain] INFO  o.hibernate.orm.connections.pooling - HHH10001005: Database info:
	Database JDBC URL [Connecting through datasource 'HikariDataSource (HikariPool-1)']
	Database driver: undefined/unknown
	Database version: 19.29
	Autocommit mode: undefined/unknown
	Isolation level: undefined/unknown
	Minimum pool size: undefined/unknown
	Maximum pool size: undefined/unknown
2025-12-15 01:18:27 [restartedMain] INFO  o.h.e.t.j.p.i.JtaPlatformInitiator - HHH000489: No JTA platform available (set 'hibernate.transaction.jta.platform' to enable JTA platform integration)
2025-12-15 01:18:27 [restartedMain] INFO  o.s.o.j.LocalContainerEntityManagerFactoryBean - Initialized JPA EntityManagerFactory for persistence unit 'default'
2025-12-15 01:18:27 [restartedMain] WARN  o.s.b.w.s.c.AnnotationConfigServletWebServerApplicationContext - Exception encountered during context initialization - cancelling refresh attempt: org.springframework.beans.factory.UnsatisfiedDependencyException: Error creating bean with name 'analysisController': Unsatisfied dependency expressed through field 'analysisRequestService': Error creating bean with name 'analysisRequestServiceImpl' defined in file [C:\Users\pc\Developer\Duoc\Fullstack_3\analysis-ms\analysisms\target\classes\cl\duoc\analysisms\service\AnalysisRequestServiceImpl.class]: Failed to instantiate [cl.duoc.analysisms.service.AnalysisRequestServiceImpl]: Constructor threw exception
2025-12-15 01:18:27 [restartedMain] INFO  o.s.o.j.LocalContainerEntityManagerFactoryBean - Closing JPA EntityManagerFactory for persistence unit 'default'
2025-12-15 01:18:27 [restartedMain] INFO  com.zaxxer.hikari.HikariDataSource - HikariPool-1 - Shutdown initiated...
2025-12-15 01:18:27 [restartedMain] INFO  com.zaxxer.hikari.HikariDataSource - HikariPool-1 - Shutdown completed.
2025-12-15 01:18:27 [restartedMain] INFO  o.a.catalina.core.StandardService - Stopping service [Tomcat]
2025-12-15 01:18:27 [restartedMain] INFO  o.s.b.a.l.ConditionEvaluationReportLogger - 

Error starting ApplicationContext. To display the condition evaluation report re-run your application with 'debug' enabled.
2025-12-15 01:18:27 [restartedMain] ERROR o.s.boot.SpringApplication - Application run failed
org.springframework.beans.factory.UnsatisfiedDependencyException: Error creating bean with name 'analysisController': Unsatisfied dependency expressed through field 'analysisRequestService': Error creating bean with name 'analysisRequestServiceImpl' defined in file [C:\Users\pc\Developer\Duoc\Fullstack_3\analysis-ms\analysisms\target\classes\cl\duoc\analysisms\service\AnalysisRequestServiceImpl.class]: Failed to instantiate [cl.duoc.analysisms.service.AnalysisRequestServiceImpl]: Constructor threw exception
	at org.springframework.beans.factory.annotation.AutowiredAnnotationBeanPostProcessor$AutowiredFieldElement.resolveFieldValue(AutowiredAnnotationBeanPostProcessor.java:788)
	at org.springframework.beans.factory.annotation.AutowiredAnnotationBeanPostProcessor$AutowiredFieldElement.inject(AutowiredAnnotationBeanPostProcessor.java:768)
	at org.springframework.beans.factory.annotation.InjectionMetadata.inject(InjectionMetadata.java:146)
	at org.springframework.beans.factory.annotation.AutowiredAnnotationBeanPostProcessor.postProcessProperties(AutowiredAnnotationBeanPostProcessor.java:509)
	at org.springframework.beans.factory.support.AbstractAutowireCapableBeanFactory.populateBean(AbstractAutowireCapableBeanFactory.java:1459)
	at org.springframework.beans.factory.support.AbstractAutowireCapableBeanFactory.doCreateBean(AbstractAutowireCapableBeanFactory.java:606)
	at org.springframework.beans.factory.support.AbstractAutowireCapableBeanFactory.createBean(AbstractAutowireCapableBeanFactory.java:529)
	at org.springframework.beans.factory.support.AbstractBeanFactory.lambda$doGetBean$0(AbstractBeanFactory.java:339)
	at org.springframework.beans.factory.support.DefaultSingletonBeanRegistry.getSingleton(DefaultSingletonBeanRegistry.java:373)
	at org.springframework.beans.factory.support.AbstractBeanFactory.doGetBean(AbstractBeanFactory.java:337)
	at org.springframework.beans.factory.support.AbstractBeanFactory.getBean(AbstractBeanFactory.java:202)
	at org.springframework.beans.factory.support.DefaultListableBeanFactory.instantiateSingleton(DefaultListableBeanFactory.java:1228)
	at org.springframework.beans.factory.support.DefaultListableBeanFactory.preInstantiateSingleton(DefaultListableBeanFactory.java:1194)
	at org.springframework.beans.factory.support.DefaultListableBeanFactory.preInstantiateSingletons(DefaultListableBeanFactory.java:1130)
	at org.springframework.context.support.AbstractApplicationContext.finishBeanFactoryInitialization(AbstractApplicationContext.java:990)
	at org.springframework.context.support.AbstractApplicationContext.refresh(AbstractApplicationContext.java:627)
	at org.springframework.boot.web.servlet.context.ServletWebServerApplicationContext.refresh(ServletWebServerApplicationContext.java:146)
	at org.springframework.boot.SpringApplication.refresh(SpringApplication.java:752)
	at org.springframework.boot.SpringApplication.refreshContext(SpringApplication.java:439)
	at org.springframework.boot.SpringApplication.run(SpringApplication.java:318)
	at org.springframework.boot.SpringApplication.run(SpringApplication.java:1361)
	at org.springframework.boot.SpringApplication.run(SpringApplication.java:1350)
	at cl.duoc.analysisms.AnalysismsApplication.main(AnalysismsApplication.java:10)
	at java.base/jdk.internal.reflect.DirectMethodHandleAccessor.invoke(DirectMethodHandleAccessor.java:103)
	at java.base/java.lang.reflect.Method.invoke(Method.java:580)
	at org.springframework.boot.devtools.restart.RestartLauncher.run(RestartLauncher.java:50)
Caused by: org.springframework.beans.factory.BeanCreationException: Error creating bean with name 'analysisRequestServiceImpl' defined in file [C:\Users\pc\Developer\Duoc\Fullstack_3\analysis-ms\analysisms\target\classes\cl\duoc\analysisms\service\AnalysisRequestServiceImpl.class]: Failed to instantiate [cl.duoc.analysisms.service.AnalysisRequestServiceImpl]: Constructor threw exception
	at org.springframework.beans.factory.support.ConstructorResolver.instantiate(ConstructorResolver.java:321)
	at org.springframework.beans.factory.support.ConstructorResolver.autowireConstructor(ConstructorResolver.java:309)
	at org.springframework.beans.factory.support.AbstractAutowireCapableBeanFactory.autowireConstructor(AbstractAutowireCapableBeanFactory.java:1395)
	at org.springframework.beans.factory.support.AbstractAutowireCapableBeanFactory.createBeanInstance(AbstractAutowireCapableBeanFactory.java:1232)
	at org.springframework.beans.factory.support.AbstractAutowireCapableBeanFactory.doCreateBean(AbstractAutowireCapableBeanFactory.java:569)
	at org.springframework.beans.factory.support.AbstractAutowireCapableBeanFactory.createBean(AbstractAutowireCapableBeanFactory.java:529)
	at org.springframework.beans.factory.support.AbstractBeanFactory.lambda$doGetBean$0(AbstractBeanFactory.java:339)
	at org.springframework.beans.factory.support.DefaultSingletonBeanRegistry.getSingleton(DefaultSingletonBeanRegistry.java:373)
	at org.springframework.beans.factory.support.AbstractBeanFactory.doGetBean(AbstractBeanFactory.java:337)
	at org.springframework.beans.factory.support.AbstractBeanFactory.getBean(AbstractBeanFactory.java:202)
	at org.springframework.beans.factory.config.DependencyDescriptor.resolveCandidate(DependencyDescriptor.java:254)
	at org.springframework.beans.factory.support.DefaultListableBeanFactory.doResolveDependency(DefaultListableBeanFactory.java:1770)
	at org.springframework.beans.factory.support.DefaultListableBeanFactory.resolveDependency(DefaultListableBeanFactory.java:1653)
	at org.springframework.beans.factory.annotation.AutowiredAnnotationBeanPostProcessor$AutowiredFieldElement.resolveFieldValue(AutowiredAnnotationBeanPostProcessor.java:785)
	... 25 common frames omitted
Caused by: org.springframework.beans.BeanInstantiationException: Failed to instantiate [cl.duoc.analysisms.service.AnalysisRequestServiceImpl]: Constructor threw exception
	at org.springframework.beans.BeanUtils.instantiateClass(BeanUtils.java:223)
	at org.springframework.beans.factory.support.SimpleInstantiationStrategy.instantiate(SimpleInstantiationStrategy.java:146)
	at org.springframework.beans.factory.support.ConstructorResolver.instantiate(ConstructorResolver.java:318)
	... 38 common frames omitted
Caused by: java.lang.Error: Unresolved compilation problem: 

	at cl.duoc.analysisms.service.AnalysisRequestServiceImpl.<init>(AnalysisRequestServiceImpl.java:19)
	at java.base/jdk.internal.reflect.DirectConstructorHandleAccessor.newInstance(DirectConstructorHandleAccessor.java:62)
	at java.base/java.lang.reflect.Constructor.newInstanceWithCaller(Constructor.java:502)
	at java.base/java.lang.reflect.Constructor.newInstance(Constructor.java:486)
	at org.springframework.beans.BeanUtils.instantiateClass(BeanUtils.java:210)
	... 40 common frames omitted
2025-12-15 01:19:34 [restartedMain] INFO  c.d.analysisms.AnalysismsApplication - Starting AnalysismsApplication using Java 21.0.9 with PID 276356 (C:\Users\pc\Developer\Duoc\Fullstack_3\analysis-ms\analysisms\target\classes started by pc in C:\Users\pc\Developer\Duoc\Fullstack_3\analysis-ms\analysisms)
2025-12-15 01:19:34 [restartedMain] DEBUG c.d.analysisms.AnalysismsApplication - Running with Spring Boot v3.5.7, Spring v6.2.12
2025-12-15 01:19:34 [restartedMain] INFO  c.d.analysisms.AnalysismsApplication - No active profile set, falling back to 1 default profile: "default"
2025-12-15 01:19:34 [restartedMain] INFO  o.s.b.d.restart.ChangeableUrls - The Class-Path manifest attribute in C:\Users\pc\.m2\repository\com\oracle\database\jdbc\ojdbc11\23.7.0.25.01\ojdbc11-23.7.0.25.01.jar referenced one or more files that do not exist: file:/C:/Users/pc/.m2/repository/com/oracle/database/jdbc/ojdbc11/23.7.0.25.01/oraclepki.jar
2025-12-15 01:19:34 [restartedMain] INFO  o.s.b.d.restart.ChangeableUrls - The Class-Path manifest attribute in C:\Users\pc\.m2\repository\com\oracle\database\security\oraclepki\21.5.0.0\oraclepki-21.5.0.0.jar referenced one or more files that do not exist: file:/C:/Users/pc/.m2/repository/com/oracle/database/security/oraclepki/21.5.0.0/osdt_core.jar,file:/C:/Users/pc/.m2/repository/com/oracle/database/security/oraclepki/21.5.0.0/osdt_cert.jar,file:/C:/Users/pc/.m2/repository/com/oracle/database/security/oraclepki/oracle.osdt/osdt_core.jar,file:/C:/Users/pc/.m2/repository/com/oracle/database/security/oraclepki/oracle.osdt/osdt_cert.jar
2025-12-15 01:19:34 [restartedMain] INFO  o.s.b.d.e.DevToolsPropertyDefaultsPostProcessor - Devtools property defaults active! Set 'spring.devtools.add-properties' to 'false' to disable
2025-12-15 01:19:34 [restartedMain] INFO  o.s.b.d.e.DevToolsPropertyDefaultsPostProcessor - For additional web related logging consider setting the 'logging.level.web' property to 'DEBUG'
2025-12-15 01:19:35 [restartedMain] INFO  o.s.d.r.c.RepositoryConfigurationDelegate - Bootstrapping Spring Data JPA repositories in DEFAULT mode.
2025-12-15 01:19:35 [restartedMain] INFO  o.s.d.r.c.RepositoryConfigurationDelegate - Finished Spring Data repository scanning in 44 ms. Found 6 JPA repository interfaces.
2025-12-15 01:19:35 [restartedMain] INFO  o.s.b.w.e.tomcat.TomcatWebServer - Tomcat initialized with port 8080 (http)
2025-12-15 01:19:35 [restartedMain] INFO  o.a.catalina.core.StandardService - Starting service [Tomcat]
2025-12-15 01:19:35 [restartedMain] INFO  o.a.catalina.core.StandardEngine - Starting Servlet engine: [Apache Tomcat/10.1.48]
2025-12-15 01:19:35 [restartedMain] INFO  o.a.c.c.C.[Tomcat].[localhost].[/] - Initializing Spring embedded WebApplicationContext
2025-12-15 01:19:35 [restartedMain] INFO  o.s.b.w.s.c.ServletWebServerApplicationContext - Root WebApplicationContext: initialization completed in 1092 ms
2025-12-15 01:19:36 [restartedMain] INFO  o.h.jpa.internal.util.LogHelper - HHH000204: Processing PersistenceUnitInfo [name: default]
2025-12-15 01:19:36 [restartedMain] INFO  org.hibernate.Version - HHH000412: Hibernate ORM core version 6.6.33.Final
2025-12-15 01:19:36 [restartedMain] INFO  o.h.c.i.RegionFactoryInitiator - HHH000026: Second-level cache disabled
2025-12-15 01:19:36 [restartedMain] INFO  o.s.o.j.p.SpringPersistenceUnitInfo - No LoadTimeWeaver setup: ignoring JPA class transformer
2025-12-15 01:19:36 [restartedMain] INFO  com.zaxxer.hikari.HikariDataSource - HikariPool-1 - Starting...
2025-12-15 01:19:36 [restartedMain] WARN  c.z.hikari.util.DriverDataSource - Registered driver with driverClassName=oracle.jdbc.driver.OracleDriver was not found, trying direct instantiation.
2025-12-15 01:19:36 [restartedMain] INFO  com.zaxxer.hikari.pool.HikariPool - HikariPool-1 - Added connection oracle.jdbc.driver.T4CConnection@3516e790
2025-12-15 01:19:36 [restartedMain] INFO  com.zaxxer.hikari.HikariDataSource - HikariPool-1 - Start completed.
2025-12-15 01:19:37 [restartedMain] WARN  org.hibernate.orm.deprecation - HHH90000025: OracleDialect does not need to be specified explicitly using 'hibernate.dialect' (remove the property setting and it will be selected by default)
2025-12-15 01:19:37 [restartedMain] INFO  o.hibernate.orm.connections.pooling - HHH10001005: Database info:
	Database JDBC URL [Connecting through datasource 'HikariDataSource (HikariPool-1)']
	Database driver: undefined/unknown
	Database version: 19.29
	Autocommit mode: undefined/unknown
	Isolation level: undefined/unknown
	Minimum pool size: undefined/unknown
	Maximum pool size: undefined/unknown
2025-12-15 01:19:37 [restartedMain] INFO  o.h.e.t.j.p.i.JtaPlatformInitiator - HHH000489: No JTA platform available (set 'hibernate.transaction.jta.platform' to enable JTA platform integration)
2025-12-15 01:19:37 [restartedMain] INFO  o.s.o.j.LocalContainerEntityManagerFactoryBean - Initialized JPA EntityManagerFactory for persistence unit 'default'
2025-12-15 01:19:38 [restartedMain] WARN  o.s.b.a.o.j.JpaBaseConfiguration$JpaWebConfiguration - spring.jpa.open-in-view is enabled by default. Therefore, database queries may be performed during view rendering. Explicitly configure spring.jpa.open-in-view to disable this warning
2025-12-15 01:19:38 [restartedMain] WARN  o.s.b.d.a.OptionalLiveReloadServer - Unable to start LiveReload server
2025-12-15 01:19:38 [restartedMain] WARN  o.s.b.w.s.c.AnnotationConfigServletWebServerApplicationContext - Exception encountered during context initialization - cancelling refresh attempt: org.springframework.context.ApplicationContextException: Failed to start bean 'webServerStartStop'
2025-12-15 01:19:38 [restartedMain] INFO  o.s.o.j.LocalContainerEntityManagerFactoryBean - Closing JPA EntityManagerFactory for persistence unit 'default'
2025-12-15 01:19:38 [restartedMain] INFO  com.zaxxer.hikari.HikariDataSource - HikariPool-1 - Shutdown initiated...
2025-12-15 01:19:38 [restartedMain] INFO  com.zaxxer.hikari.HikariDataSource - HikariPool-1 - Shutdown completed.
2025-12-15 01:19:38 [restartedMain] INFO  o.s.b.a.l.ConditionEvaluationReportLogger - 

Error starting ApplicationContext. To display the condition evaluation report re-run your application with 'debug' enabled.
2025-12-15 01:19:39 [restartedMain] ERROR o.s.b.d.LoggingFailureAnalysisReporter - 

***************************
APPLICATION FAILED TO START
***************************

Description:

Web server failed to start. Port 8080 was already in use.

Action:

Identify and stop the process that's listening on port 8080 or configure this application to listen on another port.

2025-12-15 01:20:38 [restartedMain] INFO  c.d.analysisms.AnalysismsApplication - Starting AnalysismsApplication using Java 21.0.9 with PID 274388 (C:\Users\pc\Developer\Duoc\Fullstack_3\analysis-ms\analysisms\target\classes started by pc in C:\Users\pc\Developer\Duoc\Fullstack_3\analysis-ms\analysisms)
2025-12-15 01:20:38 [restartedMain] DEBUG c.d.analysisms.AnalysismsApplication - Running with Spring Boot v3.5.7, Spring v6.2.12
2025-12-15 01:20:38 [restartedMain] INFO  c.d.analysisms.AnalysismsApplication - No active profile set, falling back to 1 default profile: "default"
2025-12-15 01:20:38 [restartedMain] INFO  o.s.b.d.restart.ChangeableUrls - The Class-Path manifest attribute in C:\Users\pc\.m2\repository\com\oracle\database\jdbc\ojdbc11\23.7.0.25.01\ojdbc11-23.7.0.25.01.jar referenced one or more files that do not exist: file:/C:/Users/pc/.m2/repository/com/oracle/database/jdbc/ojdbc11/23.7.0.25.01/oraclepki.jar
2025-12-15 01:20:38 [restartedMain] INFO  o.s.b.d.restart.ChangeableUrls - The Class-Path manifest attribute in C:\Users\pc\.m2\repository\com\oracle\database\security\oraclepki\21.5.0.0\oraclepki-21.5.0.0.jar referenced one or more files that do not exist: file:/C:/Users/pc/.m2/repository/com/oracle/database/security/oraclepki/21.5.0.0/osdt_core.jar,file:/C:/Users/pc/.m2/repository/com/oracle/database/security/oraclepki/21.5.0.0/osdt_cert.jar,file:/C:/Users/pc/.m2/repository/com/oracle/database/security/oraclepki/oracle.osdt/osdt_core.jar,file:/C:/Users/pc/.m2/repository/com/oracle/database/security/oraclepki/oracle.osdt/osdt_cert.jar
2025-12-15 01:20:38 [restartedMain] INFO  o.s.b.d.e.DevToolsPropertyDefaultsPostProcessor - Devtools property defaults active! Set 'spring.devtools.add-properties' to 'false' to disable
2025-12-15 01:20:38 [restartedMain] INFO  o.s.b.d.e.DevToolsPropertyDefaultsPostProcessor - For additional web related logging consider setting the 'logging.level.web' property to 'DEBUG'
2025-12-15 01:20:38 [restartedMain] INFO  o.s.d.r.c.RepositoryConfigurationDelegate - Bootstrapping Spring Data JPA repositories in DEFAULT mode.
2025-12-15 01:20:38 [restartedMain] INFO  o.s.d.r.c.RepositoryConfigurationDelegate - Finished Spring Data repository scanning in 42 ms. Found 6 JPA repository interfaces.
2025-12-15 01:20:39 [restartedMain] INFO  o.s.b.w.e.tomcat.TomcatWebServer - Tomcat initialized with port 8080 (http)
2025-12-15 01:20:39 [restartedMain] INFO  o.a.catalina.core.StandardService - Starting service [Tomcat]
2025-12-15 01:20:39 [restartedMain] INFO  o.a.catalina.core.StandardEngine - Starting Servlet engine: [Apache Tomcat/10.1.48]
2025-12-15 01:20:39 [restartedMain] INFO  o.a.c.c.C.[Tomcat].[localhost].[/] - Initializing Spring embedded WebApplicationContext
2025-12-15 01:20:39 [restartedMain] INFO  o.s.b.w.s.c.ServletWebServerApplicationContext - Root WebApplicationContext: initialization completed in 1031 ms
2025-12-15 01:20:39 [restartedMain] INFO  o.h.jpa.internal.util.LogHelper - HHH000204: Processing PersistenceUnitInfo [name: default]
2025-12-15 01:20:39 [restartedMain] INFO  org.hibernate.Version - HHH000412: Hibernate ORM core version 6.6.33.Final
2025-12-15 01:20:39 [restartedMain] INFO  o.h.c.i.RegionFactoryInitiator - HHH000026: Second-level cache disabled
2025-12-15 01:20:39 [restartedMain] INFO  o.s.o.j.p.SpringPersistenceUnitInfo - No LoadTimeWeaver setup: ignoring JPA class transformer
2025-12-15 01:20:40 [restartedMain] INFO  com.zaxxer.hikari.HikariDataSource - HikariPool-1 - Starting...
2025-12-15 01:20:40 [restartedMain] WARN  c.z.hikari.util.DriverDataSource - Registered driver with driverClassName=oracle.jdbc.driver.OracleDriver was not found, trying direct instantiation.
2025-12-15 01:20:40 [restartedMain] INFO  com.zaxxer.hikari.pool.HikariPool - HikariPool-1 - Added connection oracle.jdbc.driver.T4CConnection@69ce0e62
2025-12-15 01:20:40 [restartedMain] INFO  com.zaxxer.hikari.HikariDataSource - HikariPool-1 - Start completed.
2025-12-15 01:20:40 [restartedMain] WARN  org.hibernate.orm.deprecation - HHH90000025: OracleDialect does not need to be specified explicitly using 'hibernate.dialect' (remove the property setting and it will be selected by default)
2025-12-15 01:20:40 [restartedMain] INFO  o.hibernate.orm.connections.pooling - HHH10001005: Database info:
	Database JDBC URL [Connecting through datasource 'HikariDataSource (HikariPool-1)']
	Database driver: undefined/unknown
	Database version: 19.29
	Autocommit mode: undefined/unknown
	Isolation level: undefined/unknown
	Minimum pool size: undefined/unknown
	Maximum pool size: undefined/unknown
2025-12-15 01:20:41 [restartedMain] INFO  o.h.e.t.j.p.i.JtaPlatformInitiator - HHH000489: No JTA platform available (set 'hibernate.transaction.jta.platform' to enable JTA platform integration)
2025-12-15 01:20:41 [restartedMain] INFO  o.s.o.j.LocalContainerEntityManagerFactoryBean - Initialized JPA EntityManagerFactory for persistence unit 'default'
2025-12-15 01:20:41 [restartedMain] WARN  o.s.b.a.o.j.JpaBaseConfiguration$JpaWebConfiguration - spring.jpa.open-in-view is enabled by default. Therefore, database queries may be performed during view rendering. Explicitly configure spring.jpa.open-in-view to disable this warning
2025-12-15 01:20:42 [restartedMain] INFO  o.s.b.d.a.OptionalLiveReloadServer - LiveReload server is running on port 35729
2025-12-15 01:20:42 [restartedMain] INFO  o.s.b.w.e.tomcat.TomcatWebServer - Tomcat started on port 8080 (http) with context path '/'
2025-12-15 01:20:42 [restartedMain] INFO  c.d.analysisms.AnalysismsApplication - Started AnalysismsApplication in 4.446 seconds (process running for 4.715)
2025-12-15 01:21:39 [http-nio-8080-exec-2] INFO  o.a.c.c.C.[Tomcat].[localhost].[/] - Initializing Spring DispatcherServlet 'dispatcherServlet'
2025-12-15 01:21:39 [http-nio-8080-exec-2] INFO  o.s.web.servlet.DispatcherServlet - Initializing Servlet 'dispatcherServlet'
2025-12-15 01:21:39 [http-nio-8080-exec-2] INFO  o.s.web.servlet.DispatcherServlet - Completed initialization in 1 ms
2025-12-15 01:21:39 [http-nio-8080-exec-2] DEBUG org.hibernate.SQL - select ar1_0.analysis_request_id,ar1_0.laboratory_id,ar1_0.patient_id,ar1_0.request_date,ar1_0.request_status,ar1_0.user_id from analysis_requests ar1_0 left join patients p1_0 on p1_0.patient_id=ar1_0.patient_id where p1_0.patient_id=?
2025-12-15 01:21:39 [http-nio-8080-exec-2] DEBUG org.hibernate.SQL - select p1_0.patient_id,p1_0.address,p1_0.birthdate,p1_0.comuna_id,p1_0.email,p1_0.lastname,p1_0.name,p1_0.phone,p1_0.rut from patients p1_0 where p1_0.patient_id=?
2025-12-15 01:21:39 [http-nio-8080-exec-2] DEBUG org.hibernate.SQL - select l1_0.lab_id,l1_0.address,l1_0.comuna_id,l1_0.name,l1_0.phone from laboratories l1_0 where l1_0.lab_id=?
2025-12-15 01:21:39 [http-nio-8080-exec-2] DEBUG org.hibernate.SQL - select u1_0.User_ID,u1_0.Active,u1_0.Address,u1_0.BirthDate,u1_0.Comuna_ID,u1_0.CreatedAt,u1_0.Email,u1_0.Lab_ID,u1_0.LastName,u1_0.Name,u1_0.Password,u1_0.Phone,r1_0.User_ID,r1_1.role_id,r1_1.role_name,u1_0.Rut,u1_0.UpdatedAt,u1_0.Username from USERS u1_0 left join USERS_ROLES r1_0 on u1_0.User_ID=r1_0.User_ID left join roles r1_1 on r1_1.role_id=r1_0.Role_ID where u1_0.User_ID=?
2025-12-15 01:30:27 [File Watcher] INFO  o.s.b.d.a.LocalDevToolsAutoConfiguration$RestartingClassPathChangeChangedEventListener - Restarting due to 1 class path change (0 additions, 0 deletions, 1 modification)
2025-12-15 01:30:27 [Thread-7] INFO  o.s.b.w.e.tomcat.GracefulShutdown - Commencing graceful shutdown. Waiting for active requests to complete
2025-12-15 01:30:27 [tomcat-shutdown] INFO  o.s.b.w.e.tomcat.GracefulShutdown - Graceful shutdown complete
2025-12-15 01:30:27 [Thread-7] INFO  o.s.o.j.LocalContainerEntityManagerFactoryBean - Closing JPA EntityManagerFactory for persistence unit 'default'
2025-12-15 01:30:27 [Thread-7] INFO  com.zaxxer.hikari.HikariDataSource - HikariPool-1 - Shutdown initiated...
2025-12-15 01:30:27 [Thread-7] INFO  com.zaxxer.hikari.HikariDataSource - HikariPool-1 - Shutdown completed.
2025-12-15 01:30:27 [restartedMain] INFO  c.d.analysisms.AnalysismsApplication - Starting AnalysismsApplication using Java 21.0.9 with PID 274388 (C:\Users\pc\Developer\Duoc\Fullstack_3\analysis-ms\analysisms\target\classes started by pc in C:\Users\pc\Developer\Duoc\Fullstack_3\analysis-ms\analysisms)
2025-12-15 01:30:27 [restartedMain] DEBUG c.d.analysisms.AnalysismsApplication - Running with Spring Boot v3.5.7, Spring v6.2.12
2025-12-15 01:30:27 [restartedMain] INFO  c.d.analysisms.AnalysismsApplication - No active profile set, falling back to 1 default profile: "default"
2025-12-15 01:30:27 [restartedMain] INFO  o.s.d.r.c.RepositoryConfigurationDelegate - Bootstrapping Spring Data JPA repositories in DEFAULT mode.
2025-12-15 01:30:27 [restartedMain] INFO  o.s.d.r.c.RepositoryConfigurationDelegate - Finished Spring Data repository scanning in 16 ms. Found 6 JPA repository interfaces.
2025-12-15 01:30:27 [restartedMain] INFO  o.s.b.w.e.tomcat.TomcatWebServer - Tomcat initialized with port 8080 (http)
2025-12-15 01:30:27 [restartedMain] INFO  o.a.catalina.core.StandardService - Starting service [Tomcat]
2025-12-15 01:30:27 [restartedMain] INFO  o.a.catalina.core.StandardEngine - Starting Servlet engine: [Apache Tomcat/10.1.48]
2025-12-15 01:30:27 [restartedMain] INFO  o.a.c.c.C.[Tomcat].[localhost].[/] - Initializing Spring embedded WebApplicationContext
2025-12-15 01:30:27 [restartedMain] INFO  o.s.b.w.s.c.ServletWebServerApplicationContext - Root WebApplicationContext: initialization completed in 179 ms
2025-12-15 01:30:27 [restartedMain] INFO  o.h.jpa.internal.util.LogHelper - HHH000204: Processing PersistenceUnitInfo [name: default]
2025-12-15 01:30:27 [restartedMain] INFO  o.h.c.i.RegionFactoryInitiator - HHH000026: Second-level cache disabled
2025-12-15 01:30:27 [restartedMain] INFO  o.s.o.j.p.SpringPersistenceUnitInfo - No LoadTimeWeaver setup: ignoring JPA class transformer
2025-12-15 01:30:27 [restartedMain] INFO  com.zaxxer.hikari.HikariDataSource - HikariPool-2 - Starting...
2025-12-15 01:30:27 [restartedMain] WARN  c.z.hikari.util.DriverDataSource - Registered driver with driverClassName=oracle.jdbc.driver.OracleDriver was not found, trying direct instantiation.
2025-12-15 01:30:27 [restartedMain] INFO  com.zaxxer.hikari.pool.HikariPool - HikariPool-2 - Added connection oracle.jdbc.driver.T4CConnection@ce75635
2025-12-15 01:30:27 [restartedMain] INFO  com.zaxxer.hikari.HikariDataSource - HikariPool-2 - Start completed.
2025-12-15 01:30:28 [restartedMain] WARN  org.hibernate.orm.deprecation - HHH90000025: OracleDialect does not need to be specified explicitly using 'hibernate.dialect' (remove the property setting and it will be selected by default)
2025-12-15 01:30:28 [restartedMain] INFO  o.hibernate.orm.connections.pooling - HHH10001005: Database info:
	Database JDBC URL [Connecting through datasource 'HikariDataSource (HikariPool-2)']
	Database driver: undefined/unknown
	Database version: 19.29
	Autocommit mode: undefined/unknown
	Isolation level: undefined/unknown
	Minimum pool size: undefined/unknown
	Maximum pool size: undefined/unknown
2025-12-15 01:30:28 [restartedMain] INFO  o.h.e.t.j.p.i.JtaPlatformInitiator - HHH000489: No JTA platform available (set 'hibernate.transaction.jta.platform' to enable JTA platform integration)
2025-12-15 01:30:28 [restartedMain] INFO  o.s.o.j.LocalContainerEntityManagerFactoryBean - Initialized JPA EntityManagerFactory for persistence unit 'default'
2025-12-15 01:30:28 [restartedMain] WARN  o.s.b.a.o.j.JpaBaseConfiguration$JpaWebConfiguration - spring.jpa.open-in-view is enabled by default. Therefore, database queries may be performed during view rendering. Explicitly configure spring.jpa.open-in-view to disable this warning
2025-12-15 01:30:28 [restartedMain] INFO  o.s.b.d.a.OptionalLiveReloadServer - LiveReload server is running on port 35729
2025-12-15 01:30:28 [restartedMain] INFO  o.s.b.w.e.tomcat.TomcatWebServer - Tomcat started on port 8080 (http) with context path '/'
2025-12-15 01:30:28 [restartedMain] INFO  c.d.analysisms.AnalysismsApplication - Started AnalysismsApplication in 0.752 seconds (process running for 590.592)
2025-12-15 01:30:28 [restartedMain] INFO  o.s.b.d.a.ConditionEvaluationDeltaLoggingListener - Condition evaluation unchanged
2025-12-15 01:30:31 [http-nio-8080-exec-1] INFO  o.a.c.c.C.[Tomcat].[localhost].[/] - Initializing Spring DispatcherServlet 'dispatcherServlet'
2025-12-15 01:30:31 [http-nio-8080-exec-1] INFO  o.s.web.servlet.DispatcherServlet - Initializing Servlet 'dispatcherServlet'
2025-12-15 01:30:31 [http-nio-8080-exec-1] INFO  o.s.web.servlet.DispatcherServlet - Completed initialization in 1 ms
2025-12-15 01:30:31 [http-nio-8080-exec-1] DEBUG org.hibernate.SQL - select ar1_0.analysis_request_id,ar1_0.laboratory_id,ar1_0.patient_id,ar1_0.request_date,ar1_0.request_status,ar1_0.user_id from analysis_requests ar1_0 left join patients p1_0 on p1_0.patient_id=ar1_0.patient_id where p1_0.patient_id=?
2025-12-15 01:30:31 [http-nio-8080-exec-1] DEBUG org.hibernate.SQL - select p1_0.patient_id,p1_0.address,p1_0.birthdate,p1_0.comuna_id,p1_0.email,p1_0.lastname,p1_0.name,p1_0.phone,p1_0.rut from patients p1_0 where p1_0.patient_id=?
2025-12-15 01:30:31 [http-nio-8080-exec-1] DEBUG org.hibernate.SQL - select l1_0.lab_id,l1_0.address,l1_0.comuna_id,l1_0.name,l1_0.phone from laboratories l1_0 where l1_0.lab_id=?
2025-12-15 01:30:31 [http-nio-8080-exec-1] DEBUG org.hibernate.SQL - select u1_0.User_ID,u1_0.Active,u1_0.Address,u1_0.BirthDate,u1_0.Comuna_ID,u1_0.CreatedAt,u1_0.Email,u1_0.Lab_ID,u1_0.LastName,u1_0.Name,u1_0.Password,u1_0.Phone,r1_0.User_ID,r1_1.role_id,r1_1.role_name,u1_0.Rut,u1_0.UpdatedAt,u1_0.Username from USERS u1_0 left join USERS_ROLES r1_0 on u1_0.User_ID=r1_0.User_ID left join roles r1_1 on r1_1.role_id=r1_0.Role_ID where u1_0.User_ID=?
2025-12-15 01:33:00 [http-nio-8080-exec-3] DEBUG org.hibernate.SQL - select ar1_0.analysis_request_id,ar1_0.laboratory_id,ar1_0.patient_id,ar1_0.request_date,ar1_0.request_status,ar1_0.user_id from analysis_requests ar1_0 left join patients p1_0 on p1_0.patient_id=ar1_0.patient_id where p1_0.patient_id=?
2025-12-15 01:33:00 [http-nio-8080-exec-3] DEBUG org.hibernate.SQL - select p1_0.patient_id,p1_0.address,p1_0.birthdate,p1_0.comuna_id,p1_0.email,p1_0.lastname,p1_0.name,p1_0.phone,p1_0.rut from patients p1_0 where p1_0.patient_id=?
2025-12-15 01:33:00 [http-nio-8080-exec-3] DEBUG org.hibernate.SQL - select l1_0.lab_id,l1_0.address,l1_0.comuna_id,l1_0.name,l1_0.phone from laboratories l1_0 where l1_0.lab_id=?
2025-12-15 01:33:00 [http-nio-8080-exec-3] DEBUG org.hibernate.SQL - select u1_0.User_ID,u1_0.Active,u1_0.Address,u1_0.BirthDate,u1_0.Comuna_ID,u1_0.CreatedAt,u1_0.Email,u1_0.Lab_ID,u1_0.LastName,u1_0.Name,u1_0.Password,u1_0.Phone,r1_0.User_ID,r1_1.role_id,r1_1.role_name,u1_0.Rut,u1_0.UpdatedAt,u1_0.Username from USERS u1_0 left join USERS_ROLES r1_0 on u1_0.User_ID=r1_0.User_ID left join roles r1_1 on r1_1.role_id=r1_0.Role_ID where u1_0.User_ID=?
2025-12-15 01:33:22 [http-nio-8080-exec-4] DEBUG org.hibernate.SQL - select ar1_0.analysis_request_id,ar1_0.laboratory_id,ar1_0.patient_id,ar1_0.request_date,ar1_0.request_status,ar1_0.user_id from analysis_requests ar1_0 left join laboratories l1_0 on l1_0.lab_id=ar1_0.laboratory_id where l1_0.lab_id=?
2025-12-15 01:33:22 [http-nio-8080-exec-4] DEBUG org.hibernate.SQL - select p1_0.patient_id,p1_0.address,p1_0.birthdate,p1_0.comuna_id,p1_0.email,p1_0.lastname,p1_0.name,p1_0.phone,p1_0.rut from patients p1_0 where p1_0.patient_id=?
2025-12-15 01:33:22 [http-nio-8080-exec-4] DEBUG org.hibernate.SQL - select l1_0.lab_id,l1_0.address,l1_0.comuna_id,l1_0.name,l1_0.phone from laboratories l1_0 where l1_0.lab_id=?
2025-12-15 01:33:22 [http-nio-8080-exec-4] DEBUG org.hibernate.SQL - select u1_0.User_ID,u1_0.Active,u1_0.Address,u1_0.BirthDate,u1_0.Comuna_ID,u1_0.CreatedAt,u1_0.Email,u1_0.Lab_ID,u1_0.LastName,u1_0.Name,u1_0.Password,u1_0.Phone,r1_0.User_ID,r1_1.role_id,r1_1.role_name,u1_0.Rut,u1_0.UpdatedAt,u1_0.Username from USERS u1_0 left join USERS_ROLES r1_0 on u1_0.User_ID=r1_0.User_ID left join roles r1_1 on r1_1.role_id=r1_0.Role_ID where u1_0.User_ID=?
2025-12-15 01:33:22 [http-nio-8080-exec-4] DEBUG org.hibernate.SQL - select p1_0.patient_id,p1_0.address,p1_0.birthdate,p1_0.comuna_id,p1_0.email,p1_0.lastname,p1_0.name,p1_0.phone,p1_0.rut from patients p1_0 where p1_0.patient_id=?
2025-12-15 01:33:27 [http-nio-8080-exec-5] DEBUG org.hibernate.SQL - select ar1_0.analysis_request_id,ar1_0.laboratory_id,ar1_0.patient_id,ar1_0.request_date,ar1_0.request_status,ar1_0.user_id from analysis_requests ar1_0 left join USERS u1_0 on u1_0.User_ID=ar1_0.user_id where u1_0.User_ID=?
2025-12-15 01:33:29 [http-nio-8080-exec-6] DEBUG org.hibernate.SQL - select ar1_0.analysis_request_id,ar1_0.laboratory_id,ar1_0.patient_id,ar1_0.request_date,ar1_0.request_status,ar1_0.user_id from analysis_requests ar1_0 left join USERS u1_0 on u1_0.User_ID=ar1_0.user_id where u1_0.User_ID=?
2025-12-15 01:33:29 [http-nio-8080-exec-6] DEBUG org.hibernate.SQL - select p1_0.patient_id,p1_0.address,p1_0.birthdate,p1_0.comuna_id,p1_0.email,p1_0.lastname,p1_0.name,p1_0.phone,p1_0.rut from patients p1_0 where p1_0.patient_id=?
2025-12-15 01:33:29 [http-nio-8080-exec-6] DEBUG org.hibernate.SQL - select l1_0.lab_id,l1_0.address,l1_0.comuna_id,l1_0.name,l1_0.phone from laboratories l1_0 where l1_0.lab_id=?
2025-12-15 01:33:29 [http-nio-8080-exec-6] DEBUG org.hibernate.SQL - select u1_0.User_ID,u1_0.Active,u1_0.Address,u1_0.BirthDate,u1_0.Comuna_ID,u1_0.CreatedAt,u1_0.Email,u1_0.Lab_ID,u1_0.LastName,u1_0.Name,u1_0.Password,u1_0.Phone,r1_0.User_ID,r1_1.role_id,r1_1.role_name,u1_0.Rut,u1_0.UpdatedAt,u1_0.Username from USERS u1_0 left join USERS_ROLES r1_0 on u1_0.User_ID=r1_0.User_ID left join roles r1_1 on r1_1.role_id=r1_0.Role_ID where u1_0.User_ID=?
2025-12-15 01:33:29 [http-nio-8080-exec-6] DEBUG org.hibernate.SQL - select p1_0.patient_id,p1_0.address,p1_0.birthdate,p1_0.comuna_id,p1_0.email,p1_0.lastname,p1_0.name,p1_0.phone,p1_0.rut from patients p1_0 where p1_0.patient_id=?
2025-12-15 01:33:36 [http-nio-8080-exec-7] DEBUG org.hibernate.SQL - select ar1_0.analysis_request_id,ar1_0.laboratory_id,ar1_0.patient_id,ar1_0.request_date,ar1_0.request_status,ar1_0.user_id from analysis_requests ar1_0 left join USERS u1_0 on u1_0.User_ID=ar1_0.user_id where u1_0.User_ID=?
2025-12-15 01:33:37 [http-nio-8080-exec-8] DEBUG org.hibernate.SQL - select ar1_0.analysis_request_id,ar1_0.laboratory_id,ar1_0.patient_id,ar1_0.request_date,ar1_0.request_status,ar1_0.user_id from analysis_requests ar1_0 left join USERS u1_0 on u1_0.User_ID=ar1_0.user_id where u1_0.User_ID=?
2025-12-15 01:33:39 [http-nio-8080-exec-9] DEBUG org.hibernate.SQL - select ar1_0.analysis_request_id,ar1_0.laboratory_id,ar1_0.patient_id,ar1_0.request_date,ar1_0.request_status,ar1_0.user_id from analysis_requests ar1_0 left join patients p1_0 on p1_0.patient_id=ar1_0.patient_id where p1_0.patient_id=?
2025-12-15 01:33:41 [http-nio-8080-exec-10] DEBUG org.hibernate.SQL - select ar1_0.analysis_request_id,ar1_0.laboratory_id,ar1_0.patient_id,ar1_0.request_date,ar1_0.request_status,ar1_0.user_id from analysis_requests ar1_0 left join patients p1_0 on p1_0.patient_id=ar1_0.patient_id where p1_0.patient_id=?
2025-12-15 01:33:41 [http-nio-8080-exec-10] DEBUG org.hibernate.SQL - select p1_0.patient_id,p1_0.address,p1_0.birthdate,p1_0.comuna_id,p1_0.email,p1_0.lastname,p1_0.name,p1_0.phone,p1_0.rut from patients p1_0 where p1_0.patient_id=?
2025-12-15 01:33:41 [http-nio-8080-exec-10] DEBUG org.hibernate.SQL - select l1_0.lab_id,l1_0.address,l1_0.comuna_id,l1_0.name,l1_0.phone from laboratories l1_0 where l1_0.lab_id=?
2025-12-15 01:33:41 [http-nio-8080-exec-10] DEBUG org.hibernate.SQL - select u1_0.User_ID,u1_0.Active,u1_0.Address,u1_0.BirthDate,u1_0.Comuna_ID,u1_0.CreatedAt,u1_0.Email,u1_0.Lab_ID,u1_0.LastName,u1_0.Name,u1_0.Password,u1_0.Phone,r1_0.User_ID,r1_1.role_id,r1_1.role_name,u1_0.Rut,u1_0.UpdatedAt,u1_0.Username from USERS u1_0 left join USERS_ROLES r1_0 on u1_0.User_ID=r1_0.User_ID left join roles r1_1 on r1_1.role_id=r1_0.Role_ID where u1_0.User_ID=?
2025-12-15 03:41:07 [http-nio-8080-exec-2] WARN  o.s.w.s.m.m.a.ExceptionHandlerExceptionResolver - Resolved [org.springframework.web.servlet.resource.NoResourceFoundException: No static resource home.]
2025-12-15 03:41:07 [http-nio-8080-exec-3] WARN  o.s.w.s.m.m.a.ExceptionHandlerExceptionResolver - Resolved [org.springframework.web.servlet.resource.NoResourceFoundException: No static resource favicon.ico.]
2025-12-15 03:44:14 [http-nio-8080-exec-4] WARN  o.s.w.s.m.m.a.ExceptionHandlerExceptionResolver - Resolved [org.springframework.web.servlet.resource.NoResourceFoundException: No static resource home.]
2025-12-15 03:44:14 [http-nio-8080-exec-5] WARN  o.s.w.s.m.m.a.ExceptionHandlerExceptionResolver - Resolved [org.springframework.web.servlet.resource.NoResourceFoundException: No static resource favicon.ico.]
